-- phpMyAdmin SQL Dump
-- version 4.0.9
-- http://www.phpmyadmin.net
--
-- Host: localhost
-- Generation Time: Feb 23, 2017 at 07:26 AM
-- Server version: 5.6.14
-- PHP Version: 5.5.6

SET SQL_MODE = "NO_AUTO_VALUE_ON_ZERO";
SET time_zone = "+00:00";


/*!40101 SET @OLD_CHARACTER_SET_CLIENT=@@CHARACTER_SET_CLIENT */;
/*!40101 SET @OLD_CHARACTER_SET_RESULTS=@@CHARACTER_SET_RESULTS */;
/*!40101 SET @OLD_COLLATION_CONNECTION=@@COLLATION_CONNECTION */;
/*!40101 SET NAMES utf8 */;

--
-- Database: `TravelExpense`
--

-- --------------------------------------------------------

--
-- Table structure for table `approve_map_flow`
--

CREATE TABLE IF NOT EXISTS `approve_map_flow` (
  `id` bigint(20) NOT NULL AUTO_INCREMENT,
  `version` bigint(20) DEFAULT NULL,
  `account_emp` bigint(20) DEFAULT NULL,
  `apv1emp` bigint(20) DEFAULT NULL,
  `apv2emp` bigint(20) DEFAULT NULL,
  `employee` bigint(20) DEFAULT NULL,
  PRIMARY KEY (`id`),
  KEY `FKgjwc5wyvsxsg52li1sq1tpsgn` (`account_emp`),
  KEY `FKsqvll54oorcyyixepxocr79st` (`apv1emp`),
  KEY `FKj0kkdsdpfxkhtgub84r0kus54` (`apv2emp`),
  KEY `FK74tblk1f0osrjy70a3r60u04` (`employee`)
) ENGINE=InnoDB  DEFAULT CHARSET=utf8 COLLATE=utf8_unicode_ci AUTO_INCREMENT=2 ;

--
-- Dumping data for table `approve_map_flow`
--

INSERT INTO `approve_map_flow` (`id`, `version`, `account_emp`, `apv1emp`, `apv2emp`, `employee`) VALUES
(1, 0, 1, 3, 4, 2);

-- --------------------------------------------------------

--
-- Table structure for table `app_menu`
--

CREATE TABLE IF NOT EXISTS `app_menu` (
  `id` bigint(20) NOT NULL AUTO_INCREMENT,
  `active` int(11) DEFAULT NULL,
  `code` varchar(255) COLLATE utf8_unicode_ci DEFAULT NULL,
  `name` varchar(255) COLLATE utf8_unicode_ci DEFAULT NULL,
  `version` bigint(20) DEFAULT NULL,
  `menu_type` int(11) DEFAULT NULL,
  `url` varchar(255) COLLATE utf8_unicode_ci DEFAULT NULL,
  PRIMARY KEY (`id`)
) ENGINE=InnoDB DEFAULT CHARSET=utf8 COLLATE=utf8_unicode_ci AUTO_INCREMENT=1 ;

-- --------------------------------------------------------

--
-- Table structure for table `app_role`
--

CREATE TABLE IF NOT EXISTS `app_role` (
  `id` bigint(20) NOT NULL AUTO_INCREMENT,
  `active` int(11) DEFAULT NULL,
  `code` varchar(255) COLLATE utf8_unicode_ci DEFAULT NULL,
  `name` varchar(255) COLLATE utf8_unicode_ci DEFAULT NULL,
  `version` bigint(20) DEFAULT NULL,
  PRIMARY KEY (`id`)
) ENGINE=InnoDB DEFAULT CHARSET=utf8 COLLATE=utf8_unicode_ci AUTO_INCREMENT=1 ;

-- --------------------------------------------------------

--
-- Table structure for table `app_role_menu`
--

CREATE TABLE IF NOT EXISTS `app_role_menu` (
  `id` bigint(20) NOT NULL AUTO_INCREMENT,
  `active` int(11) DEFAULT NULL,
  `code` varchar(255) COLLATE utf8_unicode_ci DEFAULT NULL,
  `name` varchar(255) COLLATE utf8_unicode_ci DEFAULT NULL,
  `version` bigint(20) DEFAULT NULL,
  `app_menu` bigint(20) DEFAULT NULL,
  `app_role` bigint(20) DEFAULT NULL,
  PRIMARY KEY (`id`),
  KEY `FKl4vrdvb00lll6ee5haoq9m9ev` (`app_menu`),
  KEY `FK61wsx9r5pm673sp9ru5frqkgt` (`app_role`)
) ENGINE=InnoDB DEFAULT CHARSET=utf8 COLLATE=utf8_unicode_ci AUTO_INCREMENT=1 ;

-- --------------------------------------------------------

--
-- Table structure for table `app_user`
--

CREATE TABLE IF NOT EXISTS `app_user` (
  `id` bigint(20) NOT NULL AUTO_INCREMENT,
  `email` varchar(255) COLLATE utf8_unicode_ci DEFAULT NULL,
  `emp_address` varchar(255) COLLATE utf8_unicode_ci DEFAULT NULL,
  `emp_code` varchar(255) COLLATE utf8_unicode_ci DEFAULT NULL,
  `emp_last_name` varchar(255) COLLATE utf8_unicode_ci DEFAULT NULL,
  `emp_name` varchar(255) COLLATE utf8_unicode_ci DEFAULT NULL,
  `ldap_user_name` varchar(255) COLLATE utf8_unicode_ci DEFAULT NULL,
  `password` varchar(255) COLLATE utf8_unicode_ci DEFAULT NULL,
  `personal_id` varchar(255) COLLATE utf8_unicode_ci DEFAULT NULL,
  `tel` varchar(255) COLLATE utf8_unicode_ci DEFAULT NULL,
  `version` bigint(20) DEFAULT NULL,
  `company` bigint(20) DEFAULT NULL,
  `department` bigint(20) DEFAULT NULL,
  PRIMARY KEY (`id`),
  KEY `FK2x7xik812g9fy1f4x9i7uccyj` (`company`),
  KEY `FKhx2h8kit0c1bl6lwaeua5gn1o` (`department`)
) ENGINE=InnoDB  DEFAULT CHARSET=utf8 COLLATE=utf8_unicode_ci AUTO_INCREMENT=5 ;

--
-- Dumping data for table `app_user`
--

INSERT INTO `app_user` (`id`, `email`, `emp_address`, `emp_code`, `emp_last_name`, `emp_name`, `ldap_user_name`, `password`, `personal_id`, `tel`, `version`, `company`, `department`) VALUES
(1, 'fffff@gmail.com', 'สกลนคร', 'e1', 'ต้นศรี', 'วัจน์กร', 'baze123', '214234', '12312312421', '9898980908', 0, 1, 2),
(2, 'nutapol49@hotmail.com', 'อุบลราชธานี', 'e2', 'เขมะโยธิน', 'ณัฐพล', 'nutapol49', '123123123123', '1349900669563', '0875466189', 0, 1, 1),
(3, 'jo@hit.com', 'นครราชสีมา', 'e3', 'ขอน้อมกลาง', 'สุทธิวัส', 'jo1234', '12423523', '134441142554', '08838757483', 0, 1, 4),
(4, 'jen@gmail.com', 'ชลบุรี', 'e4', 'มารมย์', 'เจนจิรา', 'jwn33422', '1232', '1340448585888', '0663847747', 0, 1, 3);

-- --------------------------------------------------------

--
-- Table structure for table `app_user_role`
--

CREATE TABLE IF NOT EXISTS `app_user_role` (
  `id` bigint(20) NOT NULL AUTO_INCREMENT,
  `active` int(11) DEFAULT NULL,
  `code` varchar(255) COLLATE utf8_unicode_ci DEFAULT NULL,
  `name` varchar(255) COLLATE utf8_unicode_ci DEFAULT NULL,
  `version` bigint(20) DEFAULT NULL,
  `app_role` bigint(20) DEFAULT NULL,
  `app_user` bigint(20) DEFAULT NULL,
  PRIMARY KEY (`id`),
  KEY `FKcprhx6mpypdwshju5p7pi971y` (`app_role`),
  KEY `FK3xcgg4e44bx37j6oa7p1lfgp8` (`app_user`)
) ENGINE=InnoDB DEFAULT CHARSET=utf8 COLLATE=utf8_unicode_ci AUTO_INCREMENT=1 ;

-- --------------------------------------------------------

--
-- Table structure for table `bank`
--

CREATE TABLE IF NOT EXISTS `bank` (
  `id` bigint(20) NOT NULL AUTO_INCREMENT,
  `active` int(11) DEFAULT NULL,
  `code` varchar(255) COLLATE utf8_unicode_ci DEFAULT NULL,
  `name` varchar(255) COLLATE utf8_unicode_ci DEFAULT NULL,
  `version` bigint(20) DEFAULT NULL,
  PRIMARY KEY (`id`)
) ENGINE=InnoDB  DEFAULT CHARSET=utf8 COLLATE=utf8_unicode_ci AUTO_INCREMENT=2 ;

--
-- Dumping data for table `bank`
--

INSERT INTO `bank` (`id`, `active`, `code`, `name`, `version`) VALUES
(1, 1, 'b1', 'SCB', 0);

-- --------------------------------------------------------

--
-- Table structure for table `company`
--

CREATE TABLE IF NOT EXISTS `company` (
  `id` bigint(20) NOT NULL AUTO_INCREMENT,
  `active` int(11) DEFAULT NULL,
  `code` varchar(255) COLLATE utf8_unicode_ci DEFAULT NULL,
  `name` varchar(255) COLLATE utf8_unicode_ci DEFAULT NULL,
  `version` bigint(20) DEFAULT NULL,
  PRIMARY KEY (`id`)
) ENGINE=InnoDB  DEFAULT CHARSET=utf8 COLLATE=utf8_unicode_ci AUTO_INCREMENT=3 ;

--
-- Dumping data for table `company`
--

INSERT INTO `company` (`id`, `active`, `code`, `name`, `version`) VALUES
(1, 1, '01', 'ซอฟต์พลัส เทคโนโลยี', 0),
(2, 1, 'sfsd', 'fwer', 0);

-- --------------------------------------------------------

--
-- Table structure for table `customer`
--

CREATE TABLE IF NOT EXISTS `customer` (
  `id` bigint(20) NOT NULL AUTO_INCREMENT,
  `active` int(11) DEFAULT NULL,
  `code` varchar(255) COLLATE utf8_unicode_ci DEFAULT NULL,
  `name` varchar(255) COLLATE utf8_unicode_ci DEFAULT NULL,
  `version` bigint(20) DEFAULT NULL,
  `address` varchar(255) COLLATE utf8_unicode_ci DEFAULT NULL,
  PRIMARY KEY (`id`)
) ENGINE=InnoDB  DEFAULT CHARSET=utf8 COLLATE=utf8_unicode_ci AUTO_INCREMENT=3 ;

--
-- Dumping data for table `customer`
--

INSERT INTO `customer` (`id`, `active`, `code`, `name`, `version`, `address`) VALUES
(1, 1, 'c1', 'BigC', 0, 'Bangkok'),
(2, 1, 'c22', 'Lotus', 0, 'HOME');

-- --------------------------------------------------------

--
-- Table structure for table `department`
--

CREATE TABLE IF NOT EXISTS `department` (
  `id` bigint(20) NOT NULL AUTO_INCREMENT,
  `active` int(11) DEFAULT NULL,
  `code` varchar(255) COLLATE utf8_unicode_ci DEFAULT NULL,
  `name` varchar(255) COLLATE utf8_unicode_ci DEFAULT NULL,
  `version` bigint(20) DEFAULT NULL,
  `company` bigint(20) DEFAULT NULL,
  PRIMARY KEY (`id`),
  KEY `FKacyft44u7h6gnqp25riu5mcba` (`company`)
) ENGINE=InnoDB  DEFAULT CHARSET=utf8 COLLATE=utf8_unicode_ci AUTO_INCREMENT=5 ;

--
-- Dumping data for table `department`
--

INSERT INTO `department` (`id`, `active`, `code`, `name`, `version`, `company`) VALUES
(1, 1, 'd1', 'Engineer', 0, 1),
(2, 1, 'd2', 'Manager', 0, 1),
(3, 1, 'd3', 'HR', 0, 1),
(4, 1, 'd4', 'SA', 0, 1);

-- --------------------------------------------------------

--
-- Table structure for table `document_approve`
--

CREATE TABLE IF NOT EXISTS `document_approve` (
  `id` bigint(20) NOT NULL AUTO_INCREMENT,
  `sequence` int(11) DEFAULT NULL,
  `version` bigint(20) DEFAULT NULL,
  `approver` bigint(20) DEFAULT NULL,
  `travel_expense_doc_approve` bigint(20) DEFAULT NULL,
  PRIMARY KEY (`id`),
  KEY `FK7wf0xdvu30jixtf0ltfv42r6x` (`approver`),
  KEY `FKsat12feq7m9pq7elw99rkmhfo` (`travel_expense_doc_approve`)
) ENGINE=InnoDB  DEFAULT CHARSET=utf8 COLLATE=utf8_unicode_ci AUTO_INCREMENT=718 ;

--
-- Dumping data for table `document_approve`
--

INSERT INTO `document_approve` (`id`, `sequence`, `version`, `approver`, `travel_expense_doc_approve`) VALUES
(1, 0, 0, 3, 1),
(2, 1, 0, 4, 1),
(3, 2, 0, 1, 1),
(4, 0, 0, 3, 2),
(5, 1, 0, 4, 2),
(6, 2, 0, 1, 2),
(7, 0, 0, 3, 3),
(8, 1, 0, 4, 3),
(9, 2, 0, 1, 3),
(10, 0, 0, 3, 4),
(11, 1, 0, 4, 4),
(12, 2, 0, 1, 4),
(13, 0, 0, 3, 5),
(14, 1, 0, 4, 5),
(15, 2, 0, 1, 5),
(16, 0, 0, 3, 6),
(17, 1, 0, 4, 6),
(18, 2, 0, 1, 6),
(19, 0, 0, 3, 7),
(20, 1, 0, 4, 7),
(21, 2, 0, 1, 7),
(22, 0, 0, 3, 8),
(23, 1, 0, 4, 8),
(24, 2, 0, 1, 8),
(25, 0, 0, 3, 9),
(26, 1, 0, 4, 9),
(27, 2, 0, 1, 9),
(31, 0, 0, 3, 11),
(32, 1, 0, 4, 11),
(33, 2, 0, 1, 11),
(34, 0, 0, 3, 12),
(35, 1, 0, 4, 12),
(36, 2, 0, 1, 12),
(37, 0, 0, 3, 13),
(38, 1, 0, 4, 13),
(39, 2, 0, 1, 13),
(40, 0, 0, 3, 14),
(41, 1, 0, 4, 14),
(42, 2, 0, 1, 14),
(43, 0, 0, 3, 15),
(44, 1, 0, 4, 15),
(45, 2, 0, 1, 15),
(46, 0, 0, 3, 16),
(47, 1, 0, 4, 16),
(48, 2, 0, 1, 16),
(49, 0, 0, 3, 17),
(50, 1, 0, 4, 17),
(51, 2, 0, 1, 17),
(52, 0, 0, 3, 18),
(53, 1, 0, 4, 18),
(54, 2, 0, 1, 18),
(55, 0, 0, 3, 19),
(56, 1, 0, 4, 19),
(57, 2, 0, 1, 19),
(58, 0, 0, 3, 20),
(59, 1, 0, 4, 20),
(60, 2, 0, 1, 20),
(61, 0, 0, 3, 21),
(62, 1, 0, 4, 21),
(63, 2, 0, 1, 21),
(64, 0, 0, 3, 22),
(65, 1, 0, 4, 22),
(66, 2, 0, 1, 22),
(67, 0, 0, 3, 23),
(68, 1, 0, 4, 23),
(69, 2, 0, 1, 23),
(70, 0, 0, 3, 24),
(71, 1, 0, 4, 24),
(72, 2, 0, 1, 24),
(73, 0, 0, 3, 25),
(74, 1, 0, 4, 25),
(75, 2, 0, 1, 25),
(76, 0, 0, 3, 26),
(77, 1, 0, 4, 26),
(78, 2, 0, 1, 26),
(79, 0, 0, 3, 27),
(80, 1, 0, 4, 27),
(81, 2, 0, 1, 27),
(82, 0, 0, 3, 28),
(83, 1, 0, 4, 28),
(84, 2, 0, 1, 28),
(85, 0, 0, 3, 29),
(86, 1, 0, 4, 29),
(87, 2, 0, 1, 29),
(88, 0, 0, 3, 30),
(89, 1, 0, 4, 30),
(90, 2, 0, 1, 30),
(91, 0, 0, 3, 31),
(92, 1, 0, 4, 31),
(93, 2, 0, 1, 31),
(94, 0, 0, 3, 32),
(95, 1, 0, 4, 32),
(96, 2, 0, 1, 32),
(97, 0, 0, 3, 33),
(98, 1, 0, 4, 33),
(99, 2, 0, 1, 33),
(100, 0, 0, 3, 34),
(101, 1, 0, 4, 34),
(102, 2, 0, 1, 34),
(103, 0, 0, 3, 35),
(104, 1, 0, 4, 35),
(105, 2, 0, 1, 35),
(106, 0, 0, 3, 36),
(107, 1, 0, 4, 36),
(108, 2, 0, 1, 36),
(109, 0, 0, 3, 37),
(110, 1, 0, 4, 37),
(111, 2, 0, 1, 37),
(112, 0, 0, 3, 38),
(113, 1, 0, 4, 38),
(114, 2, 0, 1, 38),
(115, 0, 0, 3, 39),
(116, 1, 0, 4, 39),
(117, 2, 0, 1, 39),
(118, 0, 0, 3, 40),
(119, 1, 0, 4, 40),
(120, 2, 0, 1, 40),
(121, 0, 0, 3, 41),
(122, 1, 0, 4, 41),
(123, 2, 0, 1, 41),
(124, 0, 0, 3, 42),
(125, 1, 0, 4, 42),
(126, 2, 0, 1, 42),
(127, 0, 0, 3, 43),
(128, 1, 0, 4, 43),
(129, 2, 0, 1, 43),
(130, 0, 0, 3, 44),
(131, 1, 0, 4, 44),
(132, 2, 0, 1, 44),
(133, 0, 0, 3, 45),
(134, 1, 0, 4, 45),
(135, 2, 0, 1, 45),
(136, 0, 0, 3, 46),
(137, 1, 0, 4, 46),
(138, 2, 0, 1, 46),
(139, 0, 0, 3, 47),
(140, 1, 0, 4, 47),
(141, 2, 0, 1, 47),
(142, 0, 0, 3, 48),
(143, 1, 0, 4, 48),
(144, 2, 0, 1, 48),
(145, 0, 0, 3, 49),
(146, 1, 0, 4, 49),
(147, 2, 0, 1, 49),
(148, 0, 0, 3, 50),
(149, 1, 0, 4, 50),
(150, 2, 0, 1, 50),
(151, 0, 0, 3, 51),
(152, 1, 0, 4, 51),
(153, 2, 0, 1, 51),
(154, 0, 0, 3, 52),
(155, 1, 0, 4, 52),
(156, 2, 0, 1, 52),
(157, 0, 0, 3, 53),
(158, 1, 0, 4, 53),
(159, 2, 0, 1, 53),
(160, 0, 0, 3, 54),
(161, 1, 0, 4, 54),
(162, 2, 0, 1, 54),
(163, 0, 0, 3, 55),
(164, 1, 0, 4, 55),
(165, 2, 0, 1, 55),
(166, 0, 0, 3, 56),
(167, 1, 0, 4, 56),
(168, 2, 0, 1, 56),
(169, 0, 0, 3, 57),
(170, 1, 0, 4, 57),
(171, 2, 0, 1, 57),
(172, 0, 0, 3, 58),
(173, 1, 0, 4, 58),
(174, 2, 0, 1, 58),
(175, 0, 0, 3, 59),
(176, 1, 0, 4, 59),
(177, 2, 0, 1, 59),
(178, 0, 0, 3, 60),
(179, 1, 0, 4, 60),
(180, 2, 0, 1, 60),
(181, 0, 0, 3, 61),
(182, 1, 0, 4, 61),
(183, 2, 0, 1, 61),
(184, 0, 0, 3, 62),
(185, 1, 0, 4, 62),
(186, 2, 0, 1, 62),
(187, 0, 0, 3, 63),
(188, 1, 0, 4, 63),
(189, 2, 0, 1, 63),
(190, 0, 0, 3, 64),
(191, 1, 0, 4, 64),
(192, 2, 0, 1, 64),
(193, 0, 0, 3, 65),
(194, 1, 0, 4, 65),
(195, 2, 0, 1, 65),
(196, 0, 0, 3, 66),
(197, 1, 0, 4, 66),
(198, 2, 0, 1, 66),
(199, 0, 0, 3, 67),
(200, 1, 0, 4, 67),
(201, 2, 0, 1, 67),
(202, 0, 0, 3, 68),
(203, 1, 0, 4, 68),
(204, 2, 0, 1, 68),
(205, 0, 0, 3, 69),
(206, 1, 0, 4, 69),
(207, 2, 0, 1, 69),
(208, 0, 0, 3, 70),
(209, 1, 0, 4, 70),
(210, 2, 0, 1, 70),
(211, 0, 0, 3, 71),
(212, 1, 0, 4, 71),
(213, 2, 0, 1, 71),
(214, 0, 0, 3, 72),
(215, 1, 0, 4, 72),
(216, 2, 0, 1, 72),
(217, 0, 0, 3, 73),
(218, 1, 0, 4, 73),
(219, 2, 0, 1, 73),
(220, 0, 0, 3, 74),
(221, 1, 0, 4, 74),
(222, 2, 0, 1, 74),
(223, 0, 0, 3, 75),
(224, 1, 0, 4, 75),
(225, 2, 0, 1, 75),
(226, 0, 0, 3, 76),
(227, 1, 0, 4, 76),
(228, 2, 0, 1, 76),
(229, 0, 0, 3, 77),
(230, 1, 0, 4, 77),
(231, 2, 0, 1, 77),
(232, 0, 0, 3, 78),
(233, 1, 0, 4, 78),
(234, 2, 0, 1, 78),
(235, 0, 0, 3, 79),
(236, 1, 0, 4, 79),
(237, 2, 0, 1, 79),
(238, 0, 0, 3, 80),
(239, 1, 0, 4, 80),
(240, 2, 0, 1, 80),
(241, 0, 0, 3, 81),
(242, 1, 0, 4, 81),
(243, 2, 0, 1, 81),
(244, 0, 0, 3, 82),
(245, 1, 0, 4, 82),
(246, 2, 0, 1, 82),
(247, 0, 0, 3, 83),
(248, 1, 0, 4, 83),
(249, 2, 0, 1, 83),
(250, 0, 0, 3, 84),
(251, 1, 0, 4, 84),
(252, 2, 0, 1, 84),
(253, 0, 0, 3, 85),
(254, 1, 0, 4, 85),
(255, 2, 0, 1, 85),
(256, 0, 0, 3, 86),
(257, 1, 0, 4, 86),
(258, 2, 0, 1, 86),
(259, 0, 0, 3, 87),
(260, 1, 0, 4, 87),
(261, 2, 0, 1, 87),
(262, 0, 0, 3, 88),
(263, 1, 0, 4, 88),
(264, 2, 0, 1, 88),
(265, 0, 0, 3, 89),
(266, 1, 0, 4, 89),
(267, 2, 0, 1, 89),
(268, 0, 0, 3, 90),
(269, 1, 0, 4, 90),
(270, 2, 0, 1, 90),
(271, 0, 0, 3, 91),
(272, 1, 0, 4, 91),
(273, 2, 0, 1, 91),
(274, 0, 0, 3, 92),
(275, 1, 0, 4, 92),
(276, 2, 0, 1, 92),
(277, 0, 0, 3, 93),
(278, 1, 0, 4, 93),
(279, 2, 0, 1, 93),
(280, 0, 0, 3, 94),
(281, 1, 0, 4, 94),
(282, 2, 0, 1, 94),
(283, 0, 0, 3, 95),
(284, 1, 0, 4, 95),
(285, 2, 0, 1, 95),
(286, 0, 0, 3, 96),
(287, 1, 0, 4, 96),
(288, 2, 0, 1, 96),
(289, 0, 0, 3, 97),
(290, 1, 0, 4, 97),
(291, 2, 0, 1, 97),
(292, 0, 0, 3, 98),
(293, 1, 0, 4, 98),
(294, 2, 0, 1, 98),
(295, 0, 0, 3, 99),
(296, 1, 0, 4, 99),
(297, 2, 0, 1, 99),
(298, 0, 0, 3, 100),
(299, 1, 0, 4, 100),
(300, 2, 0, 1, 100),
(301, 0, 0, 3, 101),
(302, 1, 0, 4, 101),
(303, 2, 0, 1, 101),
(304, 0, 0, 3, 102),
(305, 1, 0, 4, 102),
(306, 2, 0, 1, 102),
(307, 0, 0, 3, 103),
(308, 1, 0, 4, 103),
(309, 2, 0, 1, 103),
(310, 0, 0, 3, 104),
(311, 1, 0, 4, 104),
(312, 2, 0, 1, 104),
(313, 0, 0, 3, 105),
(314, 1, 0, 4, 105),
(315, 2, 0, 1, 105),
(316, 0, 0, 3, 106),
(317, 1, 0, 4, 106),
(318, 2, 0, 1, 106),
(319, 0, 0, 3, 107),
(320, 1, 0, 4, 107),
(321, 2, 0, 1, 107),
(322, 0, 0, 3, 108),
(323, 1, 0, 4, 108),
(324, 2, 0, 1, 108),
(325, 0, 0, 3, 109),
(326, 1, 0, 4, 109),
(327, 2, 0, 1, 109),
(328, 0, 0, 3, 110),
(329, 1, 0, 4, 110),
(330, 2, 0, 1, 110),
(331, 0, 0, 3, 111),
(332, 1, 0, 4, 111),
(333, 2, 0, 1, 111),
(334, 0, 0, 3, 112),
(335, 1, 0, 4, 112),
(336, 2, 0, 1, 112),
(337, 0, 0, 3, 113),
(338, 1, 0, 4, 113),
(339, 2, 0, 1, 113),
(340, 0, 0, 3, 114),
(341, 1, 0, 4, 114),
(342, 2, 0, 1, 114),
(343, 0, 0, 3, 115),
(344, 1, 0, 4, 115),
(345, 2, 0, 1, 115),
(346, 0, 0, 3, 116),
(347, 1, 0, 4, 116),
(348, 2, 0, 1, 116),
(349, 0, 0, 3, 117),
(350, 1, 0, 4, 117),
(351, 2, 0, 1, 117),
(352, 0, 0, 3, 118),
(353, 1, 0, 4, 118),
(354, 2, 0, 1, 118),
(355, 0, 0, 3, 119),
(356, 1, 0, 4, 119),
(357, 2, 0, 1, 119),
(358, 0, 0, 3, 120),
(359, 1, 0, 4, 120),
(360, 2, 0, 1, 120),
(361, 0, 0, 3, 121),
(362, 1, 0, 4, 121),
(363, 2, 0, 1, 121),
(364, 0, 0, 3, 122),
(365, 1, 0, 4, 122),
(366, 2, 0, 1, 122),
(367, 0, 0, 3, 123),
(368, 1, 0, 4, 123),
(369, 2, 0, 1, 123),
(370, 0, 0, 3, 124),
(371, 1, 0, 4, 124),
(372, 2, 0, 1, 124),
(373, 0, 0, 3, 125),
(374, 1, 0, 4, 125),
(375, 2, 0, 1, 125),
(376, 0, 0, 3, 126),
(377, 1, 0, 4, 126),
(378, 2, 0, 1, 126),
(379, 0, 0, 3, 127),
(380, 1, 0, 4, 127),
(381, 2, 0, 1, 127),
(382, 0, 0, 3, 128),
(383, 1, 0, 4, 128),
(384, 2, 0, 1, 128),
(385, 0, 0, 3, 129),
(386, 1, 0, 4, 129),
(387, 2, 0, 1, 129),
(388, 0, 0, 3, 130),
(389, 1, 0, 4, 130),
(390, 2, 0, 1, 130),
(391, 0, 0, 3, 131),
(392, 1, 0, 4, 131),
(393, 2, 0, 1, 131),
(394, 0, 0, 3, 132),
(395, 1, 0, 4, 132),
(396, 2, 0, 1, 132),
(397, 0, 0, 3, 133),
(398, 1, 0, 4, 133),
(399, 2, 0, 1, 133),
(400, 0, 0, 3, 134),
(401, 1, 0, 4, 134),
(402, 2, 0, 1, 134),
(403, 0, 0, 3, 135),
(404, 1, 0, 4, 135),
(405, 2, 0, 1, 135),
(406, 0, 0, 3, 136),
(407, 1, 0, 4, 136),
(408, 2, 0, 1, 136),
(409, 0, 0, 3, 137),
(410, 1, 0, 4, 137),
(411, 2, 0, 1, 137),
(412, 0, 0, 3, 138),
(413, 1, 0, 4, 138),
(414, 2, 0, 1, 138),
(415, 0, 0, 3, 139),
(416, 1, 0, 4, 139),
(417, 2, 0, 1, 139),
(418, 0, 0, 3, 140),
(419, 1, 0, 4, 140),
(420, 2, 0, 1, 140),
(421, 0, 0, 3, 141),
(422, 1, 0, 4, 141),
(423, 2, 0, 1, 141),
(424, 0, 0, 3, 142),
(425, 1, 0, 4, 142),
(426, 2, 0, 1, 142),
(427, 0, 0, 3, 143),
(428, 1, 0, 4, 143),
(429, 2, 0, 1, 143),
(430, 0, 0, 3, 144),
(431, 1, 0, 4, 144),
(432, 2, 0, 1, 144),
(433, 0, 0, 3, 145),
(434, 1, 0, 4, 145),
(435, 2, 0, 1, 145),
(436, 0, 0, 3, 146),
(437, 1, 0, 4, 146),
(438, 2, 0, 1, 146),
(439, 0, 0, 3, 147),
(440, 1, 0, 4, 147),
(441, 2, 0, 1, 147),
(442, 0, 0, 3, 148),
(443, 1, 0, 4, 148),
(444, 2, 0, 1, 148),
(445, 0, 0, 3, 149),
(446, 1, 0, 4, 149),
(447, 2, 0, 1, 149),
(448, 0, 0, 3, 150),
(449, 1, 0, 4, 150),
(450, 2, 0, 1, 150),
(451, 0, 0, 3, 151),
(452, 1, 0, 4, 151),
(453, 2, 0, 1, 151),
(454, 0, 0, 3, 152),
(455, 1, 0, 4, 152),
(456, 2, 0, 1, 152),
(457, 0, 0, 3, 153),
(458, 1, 0, 4, 153),
(459, 2, 0, 1, 153),
(460, 0, 0, 3, 154),
(461, 1, 0, 4, 154),
(462, 2, 0, 1, 154),
(463, 0, 0, 3, 155),
(464, 1, 0, 4, 155),
(465, 2, 0, 1, 155),
(466, 0, 0, 3, 156),
(467, 1, 0, 4, 156),
(468, 2, 0, 1, 156),
(469, 0, 0, 3, 157),
(470, 1, 0, 4, 157),
(471, 2, 0, 1, 157),
(472, 0, 0, 3, 158),
(473, 1, 0, 4, 158),
(474, 2, 0, 1, 158),
(475, 0, 0, 3, 159),
(476, 1, 0, 4, 159),
(477, 2, 0, 1, 159),
(478, 0, 0, 3, 160),
(479, 1, 0, 4, 160),
(480, 2, 0, 1, 160),
(481, 0, 0, 3, 161),
(482, 1, 0, 4, 161),
(483, 2, 0, 1, 161),
(484, 0, 0, 3, 162),
(485, 1, 0, 4, 162),
(486, 2, 0, 1, 162),
(487, 0, 0, 3, 163),
(488, 1, 0, 4, 163),
(489, 2, 0, 1, 163),
(490, 0, 0, 3, 164),
(491, 1, 0, 4, 164),
(492, 2, 0, 1, 164),
(493, 0, 0, 3, 165),
(494, 1, 0, 4, 165),
(495, 2, 0, 1, 165),
(496, 0, 0, 3, 166),
(497, 1, 0, 4, 166),
(498, 2, 0, 1, 166),
(499, 0, 0, 3, 167),
(500, 1, 0, 4, 167),
(501, 2, 0, 1, 167),
(502, 0, 0, 3, 168),
(503, 1, 0, 4, 168),
(504, 2, 0, 1, 168),
(505, 0, 0, 3, 169),
(506, 1, 0, 4, 169),
(507, 2, 0, 1, 169),
(508, 0, 0, 3, 170),
(509, 1, 0, 4, 170),
(510, 2, 0, 1, 170),
(511, 0, 0, 3, 171),
(512, 1, 0, 4, 171),
(513, 2, 0, 1, 171),
(514, 0, 0, 3, 172),
(515, 1, 0, 4, 172),
(516, 2, 0, 1, 172),
(517, 0, 0, 3, 173),
(518, 1, 0, 4, 173),
(519, 2, 0, 1, 173),
(520, 0, 0, 3, 174),
(521, 1, 0, 4, 174),
(522, 2, 0, 1, 174),
(523, 0, 0, 3, 175),
(524, 1, 0, 4, 175),
(525, 2, 0, 1, 175),
(526, 0, 0, 3, 176),
(527, 1, 0, 4, 176),
(528, 2, 0, 1, 176),
(529, 0, 0, 3, 177),
(530, 1, 0, 4, 177),
(531, 2, 0, 1, 177),
(532, 0, 0, 3, 178),
(533, 1, 0, 4, 178),
(534, 2, 0, 1, 178),
(535, 0, 0, 3, 179),
(536, 1, 0, 4, 179),
(537, 2, 0, 1, 179),
(538, 0, 0, 3, 180),
(539, 1, 0, 4, 180),
(540, 2, 0, 1, 180),
(541, 0, 0, 3, 181),
(542, 1, 0, 4, 181),
(543, 2, 0, 1, 181),
(544, 0, 0, 3, 182),
(545, 1, 0, 4, 182),
(546, 2, 0, 1, 182),
(547, 0, 0, 3, 183),
(548, 1, 0, 4, 183),
(549, 2, 0, 1, 183),
(550, 0, 0, 3, 184),
(551, 1, 0, 4, 184),
(552, 2, 0, 1, 184),
(553, 0, 0, 3, 185),
(554, 1, 0, 4, 185),
(555, 2, 0, 1, 185),
(556, 0, 0, 3, 186),
(557, 1, 0, 4, 186),
(558, 2, 0, 1, 186),
(559, 0, 0, 3, 187),
(560, 1, 0, 4, 187),
(561, 2, 0, 1, 187),
(562, 0, 0, 3, 188),
(563, 1, 0, 4, 188),
(564, 2, 0, 1, 188),
(565, 0, 0, 3, 189),
(566, 1, 0, 4, 189),
(567, 2, 0, 1, 189),
(568, 0, 0, 3, 190),
(569, 1, 0, 4, 190),
(570, 2, 0, 1, 190),
(571, 0, 0, 3, 191),
(572, 1, 0, 4, 191),
(573, 2, 0, 1, 191),
(574, 0, 0, 3, 192),
(575, 1, 0, 4, 192),
(576, 2, 0, 1, 192),
(577, 0, 0, 3, 193),
(578, 1, 0, 4, 193),
(579, 2, 0, 1, 193),
(580, 0, 0, 3, 194),
(581, 1, 0, 4, 194),
(582, 2, 0, 1, 194),
(583, 0, 0, 3, 195),
(584, 1, 0, 4, 195),
(585, 2, 0, 1, 195),
(586, 0, 0, 3, 196),
(587, 1, 0, 4, 196),
(588, 2, 0, 1, 196),
(589, 0, 0, 3, 197),
(590, 1, 0, 4, 197),
(591, 2, 0, 1, 197),
(592, 0, 0, 3, 198),
(593, 1, 0, 4, 198),
(594, 2, 0, 1, 198),
(595, 0, 0, 3, 199),
(596, 1, 0, 4, 199),
(597, 2, 0, 1, 199),
(598, 0, 0, 3, 200),
(599, 1, 0, 4, 200),
(600, 2, 0, 1, 200),
(601, 0, 0, 3, 201),
(602, 1, 0, 4, 201),
(603, 2, 0, 1, 201),
(604, 0, 0, 3, 202),
(605, 1, 0, 4, 202),
(606, 2, 0, 1, 202),
(607, 0, 0, 3, 203),
(608, 1, 0, 4, 203),
(609, 2, 0, 1, 203),
(610, 0, 0, 3, 204),
(611, 1, 0, 4, 204),
(612, 2, 0, 1, 204),
(613, 0, 0, 3, 205),
(614, 1, 0, 4, 205),
(615, 2, 0, 1, 205),
(616, 0, 0, 3, 206),
(617, 1, 0, 4, 206),
(618, 2, 0, 1, 206),
(619, 0, 0, 3, 207),
(620, 1, 0, 4, 207),
(621, 2, 0, 1, 207),
(622, 0, 0, 3, 208),
(623, 1, 0, 4, 208),
(624, 2, 0, 1, 208),
(625, 0, 0, 3, 209),
(626, 1, 0, 4, 209),
(627, 2, 0, 1, 209),
(628, 0, 0, 3, 210),
(629, 1, 0, 4, 210),
(630, 2, 0, 1, 210),
(631, 0, 0, 3, 211),
(632, 1, 0, 4, 211),
(633, 2, 0, 1, 211),
(634, 0, 0, 3, 212),
(635, 1, 0, 4, 212),
(636, 2, 0, 1, 212),
(637, 0, 0, 3, 213),
(638, 1, 0, 4, 213),
(639, 2, 0, 1, 213),
(640, 0, 0, 3, 214),
(641, 1, 0, 4, 214),
(642, 2, 0, 1, 214),
(643, 0, 0, 3, 215),
(644, 1, 0, 4, 215),
(645, 2, 0, 1, 215),
(646, 0, 0, 3, 216),
(647, 1, 0, 4, 216),
(648, 2, 0, 1, 216),
(649, 0, 0, 3, 217),
(650, 1, 0, 4, 217),
(651, 2, 0, 1, 217),
(652, 0, 0, 3, 218),
(653, 1, 0, 4, 218),
(654, 2, 0, 1, 218),
(655, 0, 0, 3, 219),
(656, 1, 0, 4, 219),
(657, 2, 0, 1, 219),
(658, 0, 0, 3, 220),
(659, 1, 0, 4, 220),
(660, 2, 0, 1, 220),
(661, 0, 0, 3, 221),
(662, 1, 0, 4, 221),
(663, 2, 0, 1, 221),
(664, 0, 0, 3, 222),
(665, 1, 0, 4, 222),
(666, 2, 0, 1, 222),
(667, 0, 0, 3, 223),
(668, 1, 0, 4, 223),
(669, 2, 0, 1, 223),
(670, 0, 0, 3, 224),
(671, 1, 0, 4, 224),
(672, 2, 0, 1, 224),
(673, 0, 0, 3, 225),
(674, 1, 0, 4, 225),
(675, 2, 0, 1, 225),
(676, 0, 0, 3, 226),
(677, 1, 0, 4, 226),
(678, 2, 0, 1, 226),
(679, 0, 0, 3, 227),
(680, 1, 0, 4, 227),
(681, 2, 0, 1, 227),
(682, 0, 0, 3, 228),
(683, 1, 0, 4, 228),
(684, 2, 0, 1, 228),
(685, 0, 0, 3, 229),
(686, 1, 0, 4, 229),
(687, 2, 0, 1, 229),
(688, 0, 0, 3, 230),
(689, 1, 0, 4, 230),
(690, 2, 0, 1, 230),
(691, 0, 0, 3, 231),
(692, 1, 0, 4, 231),
(693, 2, 0, 1, 231),
(694, 0, 0, 3, 232),
(695, 1, 0, 4, 232),
(696, 2, 0, 1, 232),
(697, 0, 0, 3, 233),
(698, 1, 0, 4, 233),
(699, 2, 0, 1, 233),
(700, 0, 0, 3, 234),
(701, 1, 0, 4, 234),
(702, 2, 0, 1, 234),
(703, 0, 0, 3, 235),
(704, 1, 0, 4, 235),
(705, 2, 0, 1, 235),
(706, 0, 0, 3, 236),
(707, 1, 0, 4, 236),
(708, 2, 0, 1, 236),
(709, 0, 0, 3, 237),
(710, 1, 0, 4, 237),
(711, 2, 0, 1, 237),
(712, 0, 0, 3, 238),
(713, 1, 0, 4, 238),
(714, 2, 0, 1, 238),
(715, 0, 0, 3, 239),
(716, 1, 0, 4, 239),
(717, 2, 0, 1, 239);

-- --------------------------------------------------------

--
-- Table structure for table `travel_expense`
--

CREATE TABLE IF NOT EXISTS `travel_expense` (
  `id` bigint(20) NOT NULL AUTO_INCREMENT,
  `approve_seq` int(11) DEFAULT NULL,
  `document_date` datetime DEFAULT NULL,
  `document_number` varchar(255) COLLATE utf8_unicode_ci DEFAULT NULL,
  `document_status` varchar(255) COLLATE utf8_unicode_ci DEFAULT NULL,
  `version` bigint(20) DEFAULT NULL,
  `approvel_date` datetime DEFAULT NULL,
  `cash` int(11) DEFAULT NULL,
  `cheque_number` varchar(255) COLLATE utf8_unicode_ci DEFAULT NULL,
  `comment` varchar(255) COLLATE utf8_unicode_ci DEFAULT NULL,
  `expense_date` datetime DEFAULT NULL,
  `expense_summary` decimal(19,2) DEFAULT NULL,
  `pay_date` datetime DEFAULT NULL,
  `approve_map_flow` bigint(20) DEFAULT NULL,
  `bank` bigint(20) DEFAULT NULL,
  `company` bigint(20) DEFAULT NULL,
  `department` bigint(20) DEFAULT NULL,
  `app_user` bigint(20) DEFAULT NULL,
  PRIMARY KEY (`id`),
  KEY `FK9m829qm4dv3rotgivys89pac9` (`approve_map_flow`),
  KEY `FKn9g1lx8xm7bl4dxgpbl4n4b74` (`bank`),
  KEY `FKgmeh2iamfi69dvnokjj1uhbow` (`company`),
  KEY `FKdm555jonejte4kf84kbbivpvo` (`department`),
  KEY `FKg5547ws47u2w8lb3xkkhqcsb8` (`app_user`)
) ENGINE=InnoDB  DEFAULT CHARSET=utf8 COLLATE=utf8_unicode_ci AUTO_INCREMENT=240 ;

--
-- Dumping data for table `travel_expense`
--

INSERT INTO `travel_expense` (`id`, `approve_seq`, `document_date`, `document_number`, `document_status`, `version`, `approvel_date`, `cash`, `cheque_number`, `comment`, `expense_date`, `expense_summary`, `pay_date`, `approve_map_flow`, `bank`, `company`, `department`, `app_user`) VALUES
(1, 0, '2017-02-18 09:40:23', 'TE000000', NULL, 0, NULL, NULL, NULL, 'เดินทาง', '2017-02-18 09:40:23', NULL, NULL, 1, NULL, 1, 1, 2),
(2, 0, '2017-02-18 09:40:37', 'TE000001', NULL, 0, NULL, NULL, NULL, 'เดินทาง', '2017-02-18 09:40:37', NULL, NULL, 1, NULL, 1, 1, 2),
(3, 0, '2017-02-18 09:49:21', 'TE000002', NULL, 0, NULL, NULL, NULL, 'เดก', '2017-02-18 09:49:21', NULL, NULL, 1, NULL, 1, 1, 2),
(4, 0, '2017-02-18 09:50:17', 'TE000003', NULL, 0, NULL, NULL, NULL, 'er', '2017-02-18 09:50:17', NULL, NULL, 1, NULL, 1, 1, 2),
(5, 0, '2017-02-18 09:50:56', 'TE000004', NULL, 0, NULL, NULL, NULL, '65', '2017-02-18 09:50:56', NULL, NULL, 1, NULL, 1, 1, 2),
(6, 0, '2017-02-18 09:53:23', 'TE000005', NULL, 0, NULL, NULL, NULL, 're', '2017-02-18 09:53:23', NULL, NULL, 1, NULL, 1, 1, 2),
(7, 0, '2017-02-18 10:01:42', 'TE000006', NULL, 0, NULL, NULL, NULL, 'rrrr', '2017-02-18 10:01:42', NULL, NULL, 1, NULL, 1, 1, 2),
(8, 0, '2017-02-18 10:10:06', 'TE000007', NULL, 0, NULL, NULL, NULL, 'r4tr', '2017-02-18 10:10:06', NULL, NULL, 1, NULL, 1, 1, 2),
(9, 0, '2017-02-18 10:11:10', 'TE000008', NULL, 0, NULL, NULL, NULL, 'sad', '2017-02-18 10:11:10', NULL, NULL, 1, NULL, 1, 1, 2),
(11, 0, '2017-02-18 10:19:23', 'TE000010', NULL, 0, NULL, NULL, NULL, 'r', '2017-02-18 10:19:23', NULL, NULL, 1, NULL, 1, 1, 2),
(12, 0, '2017-02-18 10:22:32', 'TE000011', NULL, 0, NULL, NULL, NULL, 'dsf', '2017-02-18 10:22:32', NULL, NULL, 1, NULL, 1, 1, 2),
(13, 0, '2017-02-18 10:27:25', 'TE000012', NULL, 0, NULL, NULL, NULL, 'tr', '2017-02-18 10:27:25', NULL, NULL, 1, NULL, 1, 1, 2),
(14, 0, '2017-02-18 10:29:09', 'TE000013', NULL, 0, NULL, NULL, NULL, 'f', '2017-02-18 10:29:09', NULL, NULL, 1, NULL, 1, 1, 2),
(15, 0, '2017-02-18 10:33:55', 'TE000014', NULL, 0, NULL, NULL, NULL, 'ds', '2017-02-18 10:33:55', NULL, NULL, 1, NULL, 1, 1, 2),
(16, 0, '2017-02-18 10:39:59', 'TE000015', NULL, 0, NULL, NULL, NULL, 'yyt', '2017-02-18 10:39:59', NULL, NULL, 1, NULL, 1, 1, 2),
(17, 0, '2017-02-18 10:46:44', 'TE000016', NULL, 0, NULL, NULL, NULL, 'rrr', '2017-02-18 10:46:44', NULL, NULL, 1, NULL, 1, 1, 2),
(18, 0, '2017-02-18 10:47:50', 'TE000017', NULL, 0, NULL, NULL, NULL, '67', '2017-02-18 10:47:50', NULL, NULL, 1, NULL, 1, 1, 2),
(19, 0, '2017-02-18 10:51:59', 'TE000018', NULL, 0, NULL, NULL, NULL, 'drg', '2017-02-18 10:51:59', NULL, NULL, 1, NULL, 1, 1, 2),
(20, 0, '2017-02-18 10:58:14', 'TE000019', NULL, 0, NULL, NULL, NULL, 'oo', '2017-02-18 10:58:14', NULL, NULL, 1, NULL, 1, 1, 2),
(21, 0, '2017-02-18 11:04:55', 'TE000020', NULL, 0, NULL, NULL, NULL, 'ert', '2017-02-18 11:04:55', NULL, NULL, 1, NULL, 1, 1, 2),
(22, 0, '2017-02-18 11:10:50', 'TE000021', NULL, 0, NULL, NULL, NULL, 'ert', '2017-02-18 11:10:50', NULL, NULL, 1, NULL, 1, 1, 2),
(23, 0, '2017-02-18 11:11:36', 'TE000022', NULL, 0, NULL, NULL, NULL, 'ewew', '2017-02-18 11:11:36', NULL, NULL, 1, NULL, 1, 1, 2),
(24, 0, '2017-02-18 11:12:27', 'TE000023', NULL, 0, NULL, NULL, NULL, 'yt', '2017-02-18 11:12:27', NULL, NULL, 1, NULL, 1, 1, 2),
(25, 0, '2017-02-18 11:14:56', 'TE000024', NULL, 0, NULL, NULL, NULL, 'rfff', '2017-02-18 11:14:56', NULL, NULL, 1, NULL, 1, 1, 2),
(26, 0, '2017-02-18 11:15:52', 'TE000025', NULL, 0, NULL, NULL, NULL, 'drfg', '2017-02-18 11:15:52', NULL, NULL, 1, NULL, 1, 1, 2),
(27, 0, '2017-02-18 11:18:56', 'TE000026', NULL, 0, NULL, NULL, NULL, '234', '2017-02-18 11:18:56', NULL, NULL, 1, NULL, 1, 1, 2),
(28, 0, '2017-02-18 11:20:45', 'TE000027', NULL, 0, NULL, NULL, NULL, 'qq', '2017-02-18 11:20:45', NULL, NULL, 1, NULL, 1, 1, 2),
(29, 0, '2017-02-18 11:24:13', 'TE000028', NULL, 0, NULL, NULL, NULL, 'u', '2017-02-18 11:24:13', NULL, NULL, 1, NULL, 1, 1, 2),
(30, 0, '2017-02-18 11:25:19', 'TE000029', NULL, 0, NULL, NULL, NULL, 'yt', '2017-02-18 11:25:19', NULL, NULL, 1, NULL, 1, 1, 2),
(31, 0, '2017-02-18 11:26:25', 'TE000030', NULL, 0, NULL, NULL, NULL, '65', '2017-02-18 11:26:25', NULL, NULL, 1, NULL, 1, 1, 2),
(32, 0, '2017-02-18 11:27:13', 'TE000031', NULL, 0, NULL, NULL, NULL, 'rt', '2017-02-18 11:27:13', NULL, NULL, 1, NULL, 1, 1, 2),
(33, 0, '2017-02-18 11:28:26', 'TE000032', NULL, 0, NULL, NULL, NULL, '6', '2017-02-18 11:28:26', NULL, NULL, 1, NULL, 1, 1, 2),
(34, 0, '2017-02-18 11:29:41', 'TE000033', NULL, 0, NULL, NULL, NULL, 'rg', '2017-02-18 11:29:41', NULL, NULL, 1, NULL, 1, 1, 2),
(35, 0, '2017-02-18 11:31:23', 'TE000034', NULL, 0, NULL, NULL, NULL, '654', '2017-02-18 11:31:23', NULL, NULL, 1, NULL, 1, 1, 2),
(36, 0, '2017-02-18 11:32:15', 'TE000035', NULL, 0, NULL, NULL, NULL, 'yu', '2017-02-18 11:32:15', NULL, NULL, 1, NULL, 1, 1, 2),
(37, 0, '2017-02-18 11:42:18', 'TE000036', NULL, 0, NULL, NULL, NULL, 'ssdsd', '2017-02-18 11:42:18', NULL, NULL, 1, NULL, 1, 1, 2),
(38, 0, '2017-02-18 11:43:35', 'TE000037', NULL, 0, NULL, NULL, NULL, 'rt', '2017-02-18 11:43:35', NULL, NULL, 1, NULL, 1, 1, 2),
(39, 0, '2017-02-18 11:45:00', 'TE000038', NULL, 0, NULL, NULL, NULL, 'yt', '2017-02-18 11:45:00', NULL, NULL, 1, NULL, 1, 1, 2),
(40, 0, '2017-02-18 12:23:50', 'TE000039', NULL, 0, NULL, NULL, NULL, 'ryyr', '2017-02-18 12:23:50', NULL, NULL, 1, NULL, 1, 1, 2),
(41, 0, '2017-02-18 12:27:33', 'TE000040', NULL, 0, NULL, NULL, NULL, 'tt', '2017-02-18 12:27:33', NULL, NULL, 1, NULL, 1, 1, 2),
(42, 0, '2017-02-18 12:51:16', 'TE000041', NULL, 0, NULL, NULL, NULL, 'ewrf', '2017-02-18 12:51:16', NULL, NULL, 1, NULL, 1, 1, 2),
(43, 0, '2017-02-18 12:54:08', 'TE000042', NULL, 0, NULL, NULL, NULL, 'ertg', '2017-02-18 12:54:08', NULL, NULL, 1, NULL, 1, 1, 2),
(44, 0, '2017-02-18 12:57:19', 'TE000043', NULL, 0, NULL, NULL, NULL, 'aa', '2017-02-18 12:57:19', NULL, NULL, 1, NULL, 1, 1, 2),
(45, 0, '2017-02-18 12:59:19', 'TE000044', NULL, 0, NULL, NULL, NULL, 'ew', '2017-02-18 12:59:19', NULL, NULL, 1, NULL, 1, 1, 2),
(46, 0, '2017-02-18 13:01:31', 'TE000045', NULL, 0, NULL, NULL, NULL, 'gf', '2017-02-18 13:01:31', NULL, NULL, 1, NULL, 1, 1, 2),
(47, 0, '2017-02-18 13:03:46', 'TE000046', NULL, 0, NULL, NULL, NULL, 'rg', '2017-02-18 13:03:46', NULL, NULL, 1, NULL, 1, 1, 2),
(48, 0, '2017-02-18 13:09:55', 'TE000047', NULL, 0, NULL, NULL, NULL, 'tt', '2017-02-18 13:09:55', NULL, NULL, 1, NULL, 1, 1, 2),
(49, 0, '2017-02-18 23:44:54', 'TE000048', NULL, 0, NULL, NULL, NULL, 'test', '2017-02-18 23:44:54', NULL, NULL, 1, NULL, 1, 1, 2),
(50, 0, '2017-02-18 23:54:00', 'TE000049', NULL, 0, NULL, NULL, NULL, 'aweaweawe', '2017-02-18 23:54:00', NULL, NULL, 1, NULL, 1, 1, 2),
(51, 0, '2017-02-19 01:19:24', 'TE000050', NULL, 0, NULL, NULL, NULL, 'fdgfdg', '2017-02-19 01:19:24', NULL, NULL, 1, NULL, 1, 1, 2),
(52, 0, '2017-02-19 01:28:09', 'TE000051', NULL, 0, NULL, NULL, NULL, 'awd', '2017-02-19 01:28:09', NULL, NULL, 1, NULL, 1, 1, 2),
(53, 0, '2017-02-19 01:34:53', 'TE000052', NULL, 1, NULL, NULL, NULL, 'wertgjh', '2017-02-19 01:34:53', '150.00', NULL, 1, NULL, 1, 1, 2),
(54, 0, '2017-02-19 01:41:20', 'TE000053', NULL, 0, NULL, NULL, NULL, 'pokpo', '2017-02-19 01:41:20', NULL, NULL, 1, NULL, 1, 1, 2),
(55, 0, '2017-02-19 01:47:41', 'TE000054', NULL, 0, NULL, NULL, NULL, 'ฟหกฟหก', '2017-02-19 01:47:41', NULL, NULL, 1, NULL, 1, 1, 2),
(56, 0, '2017-02-19 01:50:28', 'TE000055', NULL, 0, NULL, NULL, NULL, 'aa', '2017-02-19 01:50:28', NULL, NULL, 1, NULL, 1, 1, 2),
(57, 0, '2017-02-19 02:05:03', 'TE000056', NULL, 0, NULL, NULL, NULL, 'aaa', '2017-02-19 02:05:03', NULL, NULL, 1, NULL, 1, 1, 2),
(58, 0, '2017-02-19 02:11:28', 'TE000057', NULL, 0, NULL, NULL, NULL, 'fgfd', '2017-02-19 02:11:28', NULL, NULL, 1, NULL, 1, 1, 2),
(59, 0, '2017-02-19 02:14:36', 'TE000058', NULL, 0, NULL, NULL, NULL, 'wqd', '2017-02-19 02:14:36', NULL, NULL, 1, NULL, 1, 1, 2),
(60, 0, '2017-02-19 02:17:47', 'TE000059', NULL, 0, NULL, NULL, NULL, 'asd', '2017-02-19 02:17:47', NULL, NULL, 1, NULL, 1, 1, 2),
(61, 0, '2017-02-19 02:18:31', 'TE000060', NULL, 0, NULL, NULL, NULL, 'wd', '2017-02-19 02:18:31', NULL, NULL, 1, NULL, 1, 1, 2),
(62, 0, '2017-02-19 02:21:29', 'TE000061', NULL, 0, NULL, NULL, NULL, 'saf', '2017-02-19 02:21:29', NULL, NULL, 1, NULL, 1, 1, 2),
(63, 0, '2017-02-19 02:29:43', 'TE000062', NULL, 0, NULL, NULL, NULL, 'sdf', '2017-02-19 02:29:43', NULL, NULL, 1, NULL, 1, 1, 2),
(64, 0, '2017-02-19 02:35:54', 'TE000063', NULL, 0, NULL, NULL, NULL, 'dd', '2017-02-19 02:35:54', NULL, NULL, 1, NULL, 1, 1, 2),
(65, 0, '2017-02-19 02:47:32', 'TE000064', NULL, 1, NULL, NULL, NULL, 'df', '2017-02-19 02:47:32', '178.00', NULL, 1, NULL, 1, 1, 2),
(66, 0, '2017-02-19 02:48:53', 'TE000065', NULL, 0, NULL, NULL, NULL, 'dds', '2017-02-19 02:48:53', NULL, NULL, 1, NULL, 1, 1, 2),
(67, 0, '2017-02-19 03:01:10', 'TE000066', NULL, 0, NULL, NULL, NULL, 'sertu', '2017-02-19 03:01:10', NULL, NULL, 1, NULL, 1, 1, 2),
(68, 0, '2017-02-19 03:04:14', 'TE000067', NULL, 0, NULL, NULL, NULL, 'qw', '2017-02-19 03:04:14', NULL, NULL, 1, NULL, 1, 1, 2),
(69, 0, '2017-02-19 03:06:39', 'TE000068', NULL, 0, NULL, NULL, NULL, 'esef', '2017-02-19 03:06:39', NULL, NULL, 1, NULL, 1, 1, 2),
(70, 0, '2017-02-19 03:07:59', 'TE000069', NULL, 0, NULL, NULL, NULL, 'sdf', '2017-02-19 03:07:59', NULL, NULL, 1, NULL, 1, 1, 2),
(71, 0, '2017-02-19 18:29:06', 'TE000070', NULL, 0, NULL, NULL, NULL, 't', '2017-02-19 18:29:06', NULL, NULL, 1, NULL, 1, 1, 2),
(72, 0, '2017-02-19 18:33:30', 'TE000071', NULL, 1, NULL, NULL, NULL, 'ki', '2017-02-19 18:33:30', '5688.00', NULL, 1, NULL, 1, 1, 2),
(73, 0, '2017-02-19 18:39:03', 'TE000072', NULL, 0, NULL, NULL, NULL, 'ii', '2017-02-19 18:39:03', NULL, NULL, 1, NULL, 1, 1, 2),
(74, 0, '2017-02-19 18:44:19', 'TE000073', NULL, 0, NULL, NULL, NULL, 'นค', '2017-02-19 18:44:19', NULL, NULL, 1, NULL, 1, 1, 2),
(75, 0, '2017-02-19 18:49:00', 'TE000074', NULL, 0, NULL, NULL, NULL, 'ioo', '2017-02-19 18:49:00', NULL, NULL, 1, NULL, 1, 1, 2),
(76, 0, '2017-02-19 18:49:48', 'TE000075', NULL, 0, NULL, NULL, NULL, 'l', '2017-02-19 18:49:48', NULL, NULL, 1, NULL, 1, 1, 2),
(77, 0, '2017-02-19 18:50:16', 'TE000076', NULL, 0, NULL, NULL, NULL, 'io', '2017-02-19 18:50:16', NULL, NULL, 1, NULL, 1, 1, 2),
(78, 0, '2017-02-19 18:51:06', 'TE000077', NULL, 0, NULL, NULL, NULL, 'i', '2017-02-19 18:51:06', NULL, NULL, 1, NULL, 1, 1, 2),
(79, 0, '2017-02-19 18:51:43', 'TE000078', NULL, 0, NULL, NULL, NULL, 'lpo', '2017-02-19 18:51:43', NULL, NULL, 1, NULL, 1, 1, 2),
(80, 0, '2017-02-19 18:53:40', 'TE000079', NULL, 0, NULL, NULL, NULL, '9i--', '2017-02-19 18:53:40', NULL, NULL, 1, NULL, 1, 1, 2),
(81, 0, '2017-02-19 18:54:53', 'TE000080', NULL, 0, NULL, NULL, NULL, 'p0', '2017-02-19 18:54:53', NULL, NULL, 1, NULL, 1, 1, 2),
(82, 0, '2017-02-19 18:58:18', 'TE000081', NULL, 0, NULL, NULL, NULL, 'iju', '2017-02-19 18:58:18', NULL, NULL, 1, NULL, 1, 1, 2),
(83, 0, '2017-02-19 19:05:45', 'TE000082', NULL, 0, NULL, NULL, NULL, 'fdg', '2017-02-19 19:05:45', NULL, NULL, 1, NULL, 1, 1, 2),
(84, 0, '2017-02-19 19:08:55', 'TE000083', NULL, 0, NULL, NULL, NULL, 'iok', '2017-02-19 19:08:55', NULL, NULL, 1, NULL, 1, 1, 2),
(85, 0, '2017-02-19 19:11:44', 'TE000084', NULL, 0, NULL, NULL, NULL, 'e', '2017-02-19 19:11:44', NULL, NULL, 1, NULL, 1, 1, 2),
(86, 0, '2017-02-19 19:13:33', 'TE000085', NULL, 0, NULL, NULL, NULL, 'sd', '2017-02-19 19:13:33', NULL, NULL, 1, NULL, 1, 1, 2),
(87, 0, '2017-02-19 19:14:49', 'TE000086', NULL, 0, NULL, NULL, NULL, 'ef', '2017-02-19 19:14:49', NULL, NULL, 1, NULL, 1, 1, 2),
(88, 0, '2017-02-19 19:32:44', 'TE000087', NULL, 0, NULL, NULL, NULL, 'tu,', '2017-02-19 19:32:44', NULL, NULL, 1, NULL, 1, 1, 2),
(89, 0, '2017-02-19 19:37:01', 'TE000088', NULL, 0, NULL, NULL, NULL, 'fdgfdgfdgfdg', '2017-02-19 19:37:01', NULL, NULL, 1, NULL, 1, 1, 2),
(90, 0, '2017-02-19 19:38:39', 'TE000089', NULL, 0, NULL, NULL, NULL, 'yt', '2017-02-19 19:38:39', NULL, NULL, 1, NULL, 1, 1, 2),
(91, 0, '2017-02-19 19:40:54', 'TE000090', NULL, 0, NULL, NULL, NULL, 'ij', '2017-02-19 19:40:54', NULL, NULL, 1, NULL, 1, 1, 2),
(92, 0, '2017-02-19 19:42:09', 'TE000091', NULL, 0, NULL, NULL, NULL, 'ew', '2017-02-19 19:42:09', NULL, NULL, 1, NULL, 1, 1, 2),
(93, 0, '2017-02-19 19:43:47', 'TE000092', NULL, 0, NULL, NULL, NULL, 'rt', '2017-02-19 19:43:47', NULL, NULL, 1, NULL, 1, 1, 2),
(94, 0, '2017-02-19 19:45:41', 'TE000093', NULL, 0, NULL, NULL, NULL, 'ht', '2017-02-19 19:45:41', NULL, NULL, 1, NULL, 1, 1, 2),
(95, 0, '2017-02-19 19:48:49', 'TE000094', NULL, 0, NULL, NULL, NULL, '234rt', '2017-02-19 19:48:49', NULL, NULL, 1, NULL, 1, 1, 2),
(96, 0, '2017-02-19 19:49:46', 'TE000095', NULL, 0, NULL, NULL, NULL, 'reg', '2017-02-19 19:49:46', NULL, NULL, 1, NULL, 1, 1, 2),
(97, 0, '2017-02-19 19:50:35', 'TE000096', NULL, 0, NULL, NULL, NULL, 'ft', '2017-02-19 19:50:35', NULL, NULL, 1, NULL, 1, 1, 2),
(98, 0, '2017-02-19 19:51:47', 'TE000097', NULL, 0, NULL, NULL, NULL, 'rt', '2017-02-19 19:51:47', NULL, NULL, 1, NULL, 1, 1, 2),
(99, 0, '2017-02-19 19:52:38', 'TE000098', NULL, 0, NULL, NULL, NULL, 'e65', '2017-02-19 19:52:38', NULL, NULL, 1, NULL, 1, 1, 2),
(100, 0, '2017-02-19 19:55:09', 'TE000099', NULL, 0, NULL, NULL, NULL, 'sdf', '2017-02-19 19:55:09', NULL, NULL, 1, NULL, 1, 1, 2),
(101, 0, '2017-02-19 19:55:35', 'TE000100', NULL, 0, NULL, NULL, NULL, 'rsgf', '2017-02-19 19:55:35', NULL, NULL, 1, NULL, 1, 1, 2),
(102, 0, '2017-02-19 20:01:29', 'TE000101', NULL, 0, NULL, NULL, NULL, '43r', '2017-02-19 20:01:29', NULL, NULL, 1, NULL, 1, 1, 2),
(103, 0, '2017-02-19 20:05:26', 'TE000102', NULL, 0, NULL, NULL, NULL, 'fsdb', '2017-02-19 20:05:26', NULL, NULL, 1, NULL, 1, 1, 2),
(104, 0, '2017-02-19 20:05:54', 'TE000103', NULL, 0, NULL, NULL, NULL, 'gfh', '2017-02-19 20:05:54', NULL, NULL, 1, NULL, 1, 1, 2),
(105, 0, '2017-02-19 20:07:02', 'TE000104', NULL, 0, NULL, NULL, NULL, 'rt', '2017-02-19 20:07:02', NULL, NULL, 1, NULL, 1, 1, 2),
(106, 0, '2017-02-19 20:08:13', 'TE000105', NULL, 0, NULL, NULL, NULL, 'sa', '2017-02-19 20:08:13', NULL, NULL, 1, NULL, 1, 1, 2),
(107, 0, '2017-02-19 20:08:38', 'TE000106', NULL, 0, NULL, NULL, NULL, 'er', '2017-02-19 20:08:38', NULL, NULL, 1, NULL, 1, 1, 2),
(108, 0, '2017-02-19 20:11:23', 'TE000107', NULL, 0, NULL, NULL, NULL, 'sad', '2017-02-19 20:11:23', NULL, NULL, 1, NULL, 1, 1, 2),
(109, 0, '2017-02-19 20:12:30', 'TE000108', NULL, 0, NULL, NULL, NULL, 'dyt', '2017-02-19 20:12:30', NULL, NULL, 1, NULL, 1, 1, 2),
(110, 0, '2017-02-19 20:14:46', 'TE000109', NULL, 0, NULL, NULL, NULL, 'po', '2017-02-19 20:14:46', NULL, NULL, 1, NULL, 1, 1, 2),
(111, 0, '2017-02-19 20:16:57', 'TE000110', NULL, 0, NULL, NULL, NULL, 'rt', '2017-02-19 20:16:57', NULL, NULL, 1, NULL, 1, 1, 2),
(112, 0, '2017-02-19 20:19:02', 'TE000111', NULL, 0, NULL, NULL, NULL, 'fytj', '2017-02-19 20:19:02', NULL, NULL, 1, NULL, 1, 1, 2),
(113, 0, '2017-02-19 20:20:05', 'TE000112', NULL, 0, NULL, NULL, NULL, 'iu', '2017-02-19 20:20:05', NULL, NULL, 1, NULL, 1, 1, 2),
(114, 0, '2017-02-19 20:21:17', 'TE000113', NULL, 0, NULL, NULL, NULL, 'tr', '2017-02-19 20:21:17', NULL, NULL, 1, NULL, 1, 1, 2),
(115, 0, '2017-02-19 20:22:01', 'TE000114', NULL, 0, NULL, NULL, NULL, 'sdf', '2017-02-19 20:22:01', NULL, NULL, 1, NULL, 1, 1, 2),
(116, 0, '2017-02-19 20:26:42', 'TE000115', NULL, 0, NULL, NULL, NULL, 'sa', '2017-02-19 20:26:42', NULL, NULL, 1, NULL, 1, 1, 2),
(117, 0, '2017-02-21 17:26:24', 'TE000116', NULL, 0, NULL, NULL, NULL, 'rtg', '2017-02-21 17:26:24', NULL, NULL, 1, NULL, 1, 1, 2),
(118, 0, '2017-02-21 17:28:11', 'TE000117', NULL, 1, NULL, NULL, NULL, 'sad', '2017-02-21 17:28:11', '1028.00', NULL, 1, NULL, 1, 1, 2),
(119, 0, '2017-02-21 17:32:35', 'TE000118', NULL, 0, NULL, NULL, NULL, 'ki', '2017-02-21 17:32:35', NULL, NULL, 1, NULL, 1, 1, 2),
(120, 0, '2017-02-21 17:36:50', 'TE000119', NULL, 0, NULL, NULL, NULL, 'test', '2017-02-21 17:36:50', NULL, NULL, 1, NULL, 1, 1, 2),
(121, 0, '2017-02-22 01:36:49', 'TE000120', NULL, 0, NULL, NULL, NULL, 'ty', '2017-02-22 01:36:49', NULL, NULL, 1, NULL, 1, 1, 2),
(122, 0, '2017-02-22 09:35:47', 'TE000121', NULL, 1, NULL, NULL, NULL, 'sdf', '2017-02-22 09:35:47', '88.00', NULL, 1, NULL, 1, 1, 2),
(123, 0, '2017-02-22 10:31:26', 'TE000122', NULL, 0, NULL, NULL, NULL, 'gff', '2017-02-22 10:31:26', NULL, NULL, 1, NULL, 1, 1, 2),
(124, 0, '2017-02-22 10:35:34', 'TE000123', NULL, 0, NULL, NULL, NULL, 'as', '2017-02-22 10:35:34', NULL, NULL, 1, NULL, 1, 1, 2),
(125, 0, '2017-02-22 10:36:22', 'TE000124', NULL, 0, NULL, NULL, NULL, 'er', '2017-02-22 10:36:22', NULL, NULL, 1, NULL, 1, 1, 2),
(126, 0, '2017-02-22 10:37:07', 'TE000125', NULL, 0, NULL, NULL, NULL, 't', '2017-02-22 10:37:07', NULL, NULL, 1, NULL, 1, 1, 2),
(127, 0, '2017-02-22 10:51:50', 'TE000126', NULL, 0, NULL, NULL, NULL, 'asd', '2017-02-22 10:51:50', NULL, NULL, 1, NULL, 1, 1, 2),
(128, 0, '2017-02-22 10:55:16', 'TE000127', NULL, 0, NULL, NULL, NULL, 'as', '2017-02-22 10:55:16', NULL, NULL, 1, NULL, 1, 1, 2),
(129, 0, '2017-02-22 11:00:17', 'TE000128', NULL, 0, NULL, NULL, NULL, 'wad', '2017-02-22 11:00:17', NULL, NULL, 1, NULL, 1, 1, 2),
(130, 0, '2017-02-22 11:01:32', 'TE000129', NULL, 0, NULL, NULL, NULL, 'awf', '2017-02-22 11:01:32', NULL, NULL, 1, NULL, 1, 1, 2),
(131, 0, '2017-02-22 11:08:14', 'TE000130', NULL, 0, NULL, NULL, NULL, 'fse', '2017-02-22 11:08:14', NULL, NULL, 1, NULL, 1, 1, 2),
(132, 0, '2017-02-22 11:09:08', 'TE000131', NULL, 0, NULL, NULL, NULL, 'fg', '2017-02-22 11:09:08', NULL, NULL, 1, NULL, 1, 1, 2),
(133, 0, '2017-02-22 11:15:25', 'TE000132', NULL, 0, NULL, NULL, NULL, 'sgdhfg', '2017-02-22 11:15:25', NULL, NULL, 1, NULL, 1, 1, 2),
(134, 0, '2017-02-22 11:16:22', 'TE000133', NULL, 0, NULL, NULL, NULL, 'rt', '2017-02-22 11:16:22', NULL, NULL, 1, NULL, 1, 1, 2),
(135, 0, '2017-02-22 11:16:52', 'TE000134', NULL, 0, NULL, NULL, NULL, 'as', '2017-02-22 11:16:52', NULL, NULL, 1, NULL, 1, 1, 2),
(136, 0, '2017-02-22 11:19:46', 'TE000135', NULL, 0, NULL, NULL, NULL, 'gh', '2017-02-22 11:19:46', NULL, NULL, 1, NULL, 1, 1, 2),
(137, 0, '2017-02-22 11:21:37', 'TE000136', NULL, 0, NULL, NULL, NULL, 'as', '2017-02-22 11:21:37', NULL, NULL, 1, NULL, 1, 1, 2),
(138, 0, '2017-02-22 11:24:26', 'TE000137', NULL, 0, NULL, NULL, NULL, 'fd', '2017-02-22 11:24:26', NULL, NULL, 1, NULL, 1, 1, 2),
(139, 0, '2017-02-22 11:27:21', 'TE000138', NULL, 0, NULL, NULL, NULL, 'gf', '2017-02-22 11:27:21', NULL, NULL, 1, NULL, 1, 1, 2),
(140, 0, '2017-02-22 11:28:04', 'TE000139', NULL, 0, NULL, NULL, NULL, 'dfg', '2017-02-22 11:28:04', NULL, NULL, 1, NULL, 1, 1, 2),
(141, 0, '2017-02-22 11:31:14', 'TE000140', NULL, 0, NULL, NULL, NULL, 'ew', '2017-02-22 11:31:14', NULL, NULL, 1, NULL, 1, 1, 2),
(142, 0, '2017-02-22 12:23:18', 'TE000141', NULL, 0, NULL, NULL, NULL, 'tyyt', '2017-02-22 12:23:18', NULL, NULL, 1, NULL, 1, 1, 2),
(143, 0, '2017-02-22 12:25:35', 'TE000142', NULL, 0, NULL, NULL, NULL, 'as', '2017-02-22 12:25:35', NULL, NULL, 1, NULL, 1, 1, 2),
(144, 0, '2017-02-22 12:30:00', 'TE000143', NULL, 0, NULL, NULL, NULL, 'asd', '2017-02-22 12:30:00', NULL, NULL, 1, NULL, 1, 1, 2),
(145, 0, '2017-02-22 12:31:56', 'TE000144', NULL, 0, NULL, NULL, NULL, 'as', '2017-02-22 12:31:56', NULL, NULL, 1, NULL, 1, 1, 2),
(146, 0, '2017-02-22 12:43:37', 'TE000145', NULL, 0, NULL, NULL, NULL, 'asd', '2017-02-22 12:43:37', NULL, NULL, 1, NULL, 1, 1, 2),
(147, 0, '2017-02-22 12:51:11', 'TE000146', NULL, 0, NULL, NULL, NULL, 'er', '2017-02-22 12:51:11', NULL, NULL, 1, NULL, 1, 1, 2),
(148, 0, '2017-02-22 13:17:50', 'TE000147', NULL, 0, NULL, NULL, NULL, 'asd', '2017-02-22 13:17:50', NULL, NULL, 1, NULL, 1, 1, 2),
(149, 0, '2017-02-22 13:27:23', 'TE000148', NULL, 0, NULL, NULL, NULL, 'test', '2017-02-22 13:27:23', NULL, NULL, 1, NULL, 1, 1, 2),
(150, 0, '2017-02-22 14:13:47', 'TE000149', NULL, 0, NULL, NULL, NULL, 'qw', '2017-02-22 14:13:47', NULL, NULL, 1, NULL, 1, 1, 2),
(151, 0, '2017-02-22 14:25:12', 'TE000150', NULL, 0, NULL, NULL, NULL, 'as', '2017-02-22 14:25:12', NULL, NULL, 1, NULL, 1, 1, 2),
(152, 0, '2017-02-22 14:29:12', 'TE000151', NULL, 0, NULL, NULL, NULL, 'aaaa', '2017-02-22 14:29:12', NULL, NULL, 1, NULL, 1, 1, 2),
(153, 0, '2017-02-22 14:32:57', 'TE000152', NULL, 0, NULL, NULL, NULL, 'sdf', '2017-02-22 14:32:57', NULL, NULL, 1, NULL, 1, 1, 2),
(154, 0, '2017-02-22 14:38:06', 'TE000153', NULL, 0, NULL, NULL, NULL, 'ooi', '2017-02-22 14:38:06', NULL, NULL, 1, NULL, 1, 1, 2),
(155, 0, '2017-02-22 14:40:35', 'TE000154', NULL, 0, NULL, NULL, NULL, 'fd', '2017-02-22 14:40:35', NULL, NULL, 1, NULL, 1, 1, 2),
(156, 0, '2017-02-22 14:42:13', 'TE000155', NULL, 0, NULL, NULL, NULL, 'aasd', '2017-02-22 14:42:13', NULL, NULL, 1, NULL, 1, 1, 2),
(157, 0, '2017-02-22 14:59:45', 'TE000156', NULL, 0, NULL, NULL, NULL, 'aa', '2017-02-22 14:59:45', NULL, NULL, 1, NULL, 1, 1, 2),
(158, 0, '2017-02-22 15:15:01', 'TE000157', NULL, 0, NULL, NULL, NULL, 'dsf', '2017-02-22 15:15:01', NULL, NULL, 1, NULL, 1, 1, 2),
(159, 0, '2017-02-22 15:24:16', 'TE000158', NULL, 0, NULL, NULL, NULL, 'err', '2017-02-22 15:24:16', NULL, NULL, 1, NULL, 1, 1, 2),
(160, 0, '2017-02-22 15:28:46', 'TE000159', NULL, 0, NULL, NULL, NULL, 'asd', '2017-02-22 15:28:46', NULL, NULL, 1, NULL, 1, 1, 2),
(161, 0, '2017-02-22 15:33:34', 'TE000160', NULL, 0, NULL, NULL, NULL, 'hg', '2017-02-22 15:33:34', NULL, NULL, 1, NULL, 1, 1, 2),
(162, 0, '2017-02-22 15:36:14', 'TE000161', NULL, 0, NULL, NULL, NULL, 'dfg', '2017-02-22 15:36:14', NULL, NULL, 1, NULL, 1, 1, 2),
(163, 0, '2017-02-22 15:39:15', 'TE000162', NULL, 0, NULL, NULL, NULL, 'asd', '2017-02-22 15:39:15', NULL, NULL, 1, NULL, 1, 1, 2),
(164, 0, '2017-02-22 15:40:54', 'TE000163', NULL, 0, NULL, NULL, NULL, 'tyh', '2017-02-22 15:40:54', NULL, NULL, 1, NULL, 1, 1, 2),
(165, 0, '2017-02-22 15:42:33', 'TE000164', NULL, 0, NULL, NULL, NULL, 'asd', '2017-02-22 15:42:33', NULL, NULL, 1, NULL, 1, 1, 2),
(166, 0, '2017-02-22 15:44:19', 'TE000165', NULL, 0, NULL, NULL, NULL, 'aaaa', '2017-02-22 15:44:19', NULL, NULL, 1, NULL, 1, 1, 2),
(167, 0, '2017-02-22 15:46:55', 'TE000166', NULL, 0, NULL, NULL, NULL, 'd', '2017-02-22 15:46:55', NULL, NULL, 1, NULL, 1, 1, 2),
(168, 0, '2017-02-22 15:54:43', 'TE000167', NULL, 0, NULL, NULL, NULL, 'struipo', '2017-02-22 15:54:43', NULL, NULL, 1, NULL, 1, 1, 2),
(169, 0, '2017-02-22 16:05:53', 'TE000168', NULL, 0, NULL, NULL, NULL, 'asd', '2017-02-22 16:05:53', NULL, NULL, 1, NULL, 1, 1, 2),
(170, 0, '2017-02-22 16:06:39', 'TE000169', NULL, 0, NULL, NULL, NULL, 'sdf', '2017-02-22 16:06:39', NULL, NULL, 1, NULL, 1, 1, 2),
(171, 0, '2017-02-22 16:08:29', 'TE000170', NULL, 0, NULL, NULL, NULL, 'sds', '2017-02-22 16:08:29', NULL, NULL, 1, NULL, 1, 1, 2),
(172, 0, '2017-02-22 16:10:38', 'TE000171', NULL, 0, NULL, NULL, NULL, 'rt', '2017-02-22 16:10:38', NULL, NULL, 1, NULL, 1, 1, 2),
(173, 0, '2017-02-22 16:13:07', 'TE000172', NULL, 0, NULL, NULL, NULL, 'reg', '2017-02-22 16:13:07', NULL, NULL, 1, NULL, 1, 1, 2),
(174, 0, '2017-02-22 16:26:50', 'TE000173', NULL, 0, NULL, NULL, NULL, 'test', '2017-02-22 16:26:50', NULL, NULL, 1, NULL, 1, 1, 2),
(175, 0, '2017-02-22 16:43:09', 'TE000174', NULL, 0, NULL, NULL, NULL, 'ass', '2017-02-22 16:43:09', NULL, NULL, 1, NULL, 1, 1, 2),
(176, 0, '2017-02-22 16:50:44', 'TE000175', NULL, 0, NULL, NULL, NULL, 'tr', '2017-02-22 16:50:44', NULL, NULL, 1, NULL, 1, 1, 2),
(177, 0, '2017-02-22 16:55:39', 'TE000176', NULL, 0, NULL, NULL, NULL, 'ftgjhf', '2017-02-22 16:55:39', NULL, NULL, 1, NULL, 1, 1, 2),
(178, 0, '2017-02-22 17:01:09', 'TE000177', NULL, 0, NULL, NULL, NULL, 'wdw', '2017-02-22 17:01:09', NULL, NULL, 1, NULL, 1, 1, 2),
(179, 0, '2017-02-22 17:02:28', 'TE000178', NULL, 0, NULL, NULL, NULL, 'ssss', '2017-02-22 17:02:28', NULL, NULL, 1, NULL, 1, 1, 2),
(180, 0, '2017-02-22 17:07:17', 'TE000179', NULL, 0, NULL, NULL, NULL, 'yi', '2017-02-22 17:07:17', NULL, NULL, 1, NULL, 1, 1, 2),
(181, 0, '2017-02-22 17:09:35', 'TE000180', NULL, 0, NULL, NULL, NULL, 'hj', '2017-02-22 17:09:35', NULL, NULL, 1, NULL, 1, 1, 2),
(182, 0, '2017-02-22 17:12:11', 'TE000181', NULL, 0, NULL, NULL, NULL, 'aaaa', '2017-02-22 17:12:11', NULL, NULL, 1, NULL, 1, 1, 2),
(183, 0, '2017-02-22 17:20:16', 'TE000182', NULL, 0, NULL, NULL, NULL, 'asdsdsdsdfsdsdsssf', '2017-02-22 17:20:16', NULL, NULL, 1, NULL, 1, 1, 2),
(184, 0, '2017-02-22 17:25:28', 'TE000183', NULL, 0, NULL, NULL, NULL, 'esf', '2017-02-22 17:25:28', NULL, NULL, 1, NULL, 1, 1, 2),
(185, 0, '2017-02-22 17:29:40', 'TE000184', NULL, 0, NULL, NULL, NULL, 'asdas', '2017-02-22 17:29:40', NULL, NULL, 1, NULL, 1, 1, 2),
(186, 0, '2017-02-22 17:31:00', 'TE000185', NULL, 0, NULL, NULL, NULL, 'sdfsdf', '2017-02-22 17:31:00', NULL, NULL, 1, NULL, 1, 1, 2),
(187, 0, '2017-02-22 17:31:49', 'TE000186', NULL, 0, NULL, NULL, NULL, 'sads', '2017-02-22 17:31:49', NULL, NULL, 1, NULL, 1, 1, 2),
(188, 0, '2017-02-22 17:33:49', 'TE000187', NULL, 0, NULL, NULL, NULL, 'asdasd', '2017-02-22 17:33:49', NULL, NULL, 1, NULL, 1, 1, 2),
(189, 0, '2017-02-22 17:37:57', 'TE000188', NULL, 0, NULL, NULL, NULL, 'Testna', '2017-02-22 17:37:57', NULL, NULL, 1, NULL, 1, 1, 2),
(190, 0, '2017-02-22 17:39:07', 'TE000189', NULL, 0, NULL, NULL, NULL, 'asds', '2017-02-22 17:39:07', NULL, NULL, 1, NULL, 1, 1, 2),
(191, 0, '2017-02-22 17:46:21', 'TE000190', NULL, 0, NULL, NULL, NULL, 'eefef', '2017-02-22 17:46:21', NULL, NULL, 1, NULL, 1, 1, 2),
(192, 0, '2017-02-22 17:47:26', 'TE000191', NULL, 0, NULL, NULL, NULL, 'yfj', '2017-02-22 17:47:26', NULL, NULL, 1, NULL, 1, 1, 2),
(193, 0, '2017-02-22 17:48:44', 'TE000192', NULL, 0, NULL, NULL, NULL, 'piopo', '2017-02-22 17:48:44', NULL, NULL, 1, NULL, 1, 1, 2),
(194, 0, '2017-02-22 17:50:31', 'TE000193', NULL, 0, NULL, NULL, NULL, 'asdsd', '2017-02-22 17:50:31', NULL, NULL, 1, NULL, 1, 1, 2),
(195, 0, '2017-02-22 17:52:04', 'TE000194', NULL, 0, NULL, NULL, NULL, 'dsefsf', '2017-02-22 17:52:04', NULL, NULL, 1, NULL, 1, 1, 2),
(196, 0, '2017-02-22 17:53:28', 'TE000195', NULL, 0, NULL, NULL, NULL, 'aaaaa', '2017-02-22 17:53:28', NULL, NULL, 1, NULL, 1, 1, 2),
(197, 0, '2017-02-22 17:54:00', 'TE000196', NULL, 0, NULL, NULL, NULL, 'efewfewf', '2017-02-22 17:54:00', NULL, NULL, 1, NULL, 1, 1, 2),
(198, 0, '2017-02-22 17:57:19', 'TE000197', NULL, 0, NULL, NULL, NULL, 'ewfwefwe', '2017-02-22 17:57:19', NULL, NULL, 1, NULL, 1, 1, 2),
(199, 0, '2017-02-22 18:00:13', 'TE000198', NULL, 0, NULL, NULL, NULL, 'asdasd', '2017-02-22 18:00:13', NULL, NULL, 1, NULL, 1, 1, 2),
(200, 0, '2017-02-22 18:05:56', 'TE000199', NULL, 0, NULL, NULL, NULL, 'ewr', '2017-02-22 18:05:56', NULL, NULL, 1, NULL, 1, 1, 2),
(201, 0, '2017-02-22 18:08:11', 'TE000200', NULL, 0, NULL, NULL, NULL, 'asdasd', '2017-02-22 18:08:11', NULL, NULL, 1, NULL, 1, 1, 2),
(202, 0, '2017-02-22 18:11:55', 'TE000201', NULL, 0, NULL, NULL, NULL, 'test', '2017-02-22 18:11:55', NULL, NULL, 1, NULL, 1, 1, 2),
(203, 0, '2017-02-22 18:12:51', 'TE000202', NULL, 0, NULL, NULL, NULL, 'test', '2017-02-22 18:12:51', NULL, NULL, 1, NULL, 1, 1, 2),
(204, 0, '2017-02-22 18:14:00', 'TE000203', NULL, 0, NULL, NULL, NULL, 'asdas', '2017-02-22 18:14:00', NULL, NULL, 1, NULL, 1, 1, 2),
(205, 0, '2017-02-22 18:14:51', 'TE000204', NULL, 0, NULL, NULL, NULL, 'aaa', '2017-02-22 18:14:51', NULL, NULL, 1, NULL, 1, 1, 2),
(206, 0, '2017-02-22 18:22:18', 'TE000205', NULL, 0, NULL, NULL, NULL, 'assad', '2017-02-22 18:22:18', NULL, NULL, 1, NULL, 1, 1, 2),
(207, 0, '2017-02-22 18:36:39', 'TE000206', NULL, 0, NULL, NULL, NULL, 'awd', '2017-02-22 18:36:39', NULL, NULL, 1, NULL, 1, 1, 2),
(208, 0, '2017-02-22 18:38:24', 'TE000207', NULL, 0, NULL, NULL, NULL, 'sdf', '2017-02-22 18:38:24', NULL, NULL, 1, NULL, 1, 1, 2),
(209, 0, '2017-02-22 18:50:10', 'TE000208', NULL, 0, NULL, NULL, NULL, 'fdf', '2017-02-22 18:50:10', NULL, NULL, 1, NULL, 1, 1, 2),
(210, 0, '2017-02-22 18:57:09', 'TE000209', NULL, 0, NULL, NULL, NULL, 'dd', '2017-02-22 18:57:09', NULL, NULL, 1, NULL, 1, 1, 2),
(211, 0, '2017-02-22 19:06:27', 'TE000210', NULL, 0, NULL, NULL, NULL, 'Test', '2017-02-22 19:06:27', NULL, NULL, 1, NULL, 1, 1, 2),
(212, 0, '2017-02-22 19:07:43', 'TE000211', NULL, 0, NULL, NULL, NULL, 'Tsetset', '2017-02-22 19:07:43', NULL, NULL, 1, NULL, 1, 1, 2),
(213, 0, '2017-02-22 23:40:38', 'TE000212', NULL, 0, NULL, NULL, NULL, 'test', '2017-02-22 23:40:38', NULL, NULL, 1, NULL, 1, 1, 2),
(214, 0, '2017-02-22 23:47:22', 'TE000213', NULL, 0, NULL, NULL, NULL, 'test', '2017-02-22 23:47:22', NULL, NULL, 1, NULL, 1, 1, 2),
(215, 0, '2017-02-23 00:01:52', 'TE000214', NULL, 0, NULL, NULL, NULL, 'rdgergerge', '2017-02-23 00:01:52', NULL, NULL, 1, NULL, 1, 1, 2),
(216, 0, '2017-02-23 00:06:02', 'TE000215', NULL, 0, NULL, NULL, NULL, 'rt', '2017-02-23 00:06:02', NULL, NULL, 1, NULL, 1, 1, 2),
(217, 0, '2017-02-23 00:26:47', 'TE000216', NULL, 0, NULL, NULL, NULL, '\n', '2017-02-23 00:26:47', NULL, NULL, 1, NULL, 1, 1, 2),
(218, 0, '2017-02-23 00:37:40', 'TE000217', NULL, 0, NULL, NULL, NULL, 'rtyrt', '2017-02-23 00:37:40', NULL, NULL, 1, NULL, 1, 1, 2),
(219, 0, '2017-02-23 00:40:49', 'TE000218', NULL, 0, NULL, NULL, NULL, 'er', '2017-02-23 00:40:49', NULL, NULL, 1, NULL, 1, 1, 2),
(220, 0, '2017-02-23 00:41:17', 'TE000219', NULL, 0, NULL, NULL, NULL, 'gkj', '2017-02-23 00:41:17', NULL, NULL, 1, NULL, 1, 1, 2),
(221, 0, '2017-02-23 00:48:23', 'TE000220', NULL, 0, NULL, NULL, NULL, 'sdf', '2017-02-23 00:48:23', NULL, NULL, 1, NULL, 1, 1, 2),
(222, 0, '2017-02-23 00:51:31', 'TE000221', NULL, 0, NULL, NULL, NULL, 'ssdf', '2017-02-23 00:51:31', NULL, NULL, 1, NULL, 1, 1, 2),
(223, 0, '2017-02-23 00:55:17', 'TE000222', NULL, 0, NULL, NULL, NULL, 'dt', '2017-02-23 00:55:17', NULL, NULL, 1, NULL, 1, 1, 2),
(224, 0, '2017-02-23 00:57:24', 'TE000223', NULL, 0, NULL, NULL, NULL, 'test', '2017-02-23 00:57:24', NULL, NULL, 1, NULL, 1, 1, 2),
(225, 0, '2017-02-23 00:58:57', 'TE000224', NULL, 0, NULL, NULL, NULL, 'test', '2017-02-23 00:58:57', NULL, NULL, 1, NULL, 1, 1, 2),
(226, 0, '2017-02-23 01:02:32', 'TE000225', NULL, 0, NULL, NULL, NULL, 'ryt', '2017-02-23 01:02:32', NULL, NULL, 1, NULL, 1, 1, 2),
(227, 0, '2017-02-23 01:03:31', 'TE000226', NULL, 0, NULL, NULL, NULL, 'fyt', '2017-02-23 01:03:31', NULL, NULL, 1, NULL, 1, 1, 2),
(228, 0, '2017-02-23 01:08:13', 'TE000227', NULL, 0, NULL, NULL, NULL, 'io', '2017-02-23 01:08:13', NULL, NULL, 1, NULL, 1, 1, 2),
(229, 0, '2017-02-23 01:11:11', 'TE000228', NULL, 0, NULL, NULL, NULL, 'pk', '2017-02-23 01:11:11', NULL, NULL, 1, NULL, 1, 1, 2),
(230, 0, '2017-02-23 01:12:05', 'TE000229', NULL, 0, NULL, NULL, NULL, 'rt', '2017-02-23 01:12:05', NULL, NULL, 1, NULL, 1, 1, 2),
(231, 0, '2017-02-23 01:24:31', 'TE000230', NULL, 0, NULL, NULL, NULL, 'fgd', '2017-02-23 01:24:31', NULL, NULL, 1, NULL, 1, 1, 2),
(232, 0, '2017-02-23 01:25:21', 'TE000231', NULL, 0, NULL, NULL, NULL, 'drg', '2017-02-23 01:25:21', NULL, NULL, 1, NULL, 1, 1, 2),
(233, 0, '2017-02-23 01:26:28', 'TE000232', NULL, 1, NULL, NULL, NULL, 'ewf', '2017-02-23 01:26:28', '781.00', NULL, 1, NULL, 1, 1, 2),
(234, 0, '2017-02-23 01:29:07', 'TE000233', NULL, 0, NULL, NULL, NULL, 'dfg', '2017-02-23 01:29:07', NULL, NULL, 1, NULL, 1, 1, 2),
(235, 0, '2017-02-23 09:58:43', 'TE000234', NULL, 1, NULL, NULL, NULL, 'ghgf', '2017-02-23 09:58:43', '1500.00', NULL, 1, NULL, 1, 1, 2),
(236, 0, '2017-02-23 12:28:06', 'TE000235', NULL, 0, NULL, NULL, NULL, 'er', '2017-02-23 12:28:06', NULL, NULL, 1, NULL, 1, 1, 2),
(237, 0, '2017-02-23 12:31:26', 'TE000236', NULL, 1, NULL, NULL, NULL, 'retre', '2017-02-23 12:31:26', '60.00', NULL, 1, NULL, 1, 1, 2),
(238, 0, '2017-02-23 13:16:18', 'TE000237', NULL, 1, NULL, NULL, NULL, 'เดินทาง', '2017-02-23 13:16:18', '900.00', NULL, 1, NULL, 1, 1, 2),
(239, 0, '2017-02-23 13:17:36', 'TE000238', NULL, 1, NULL, NULL, NULL, 'เดินทาง', '2017-02-23 13:17:36', '3700.00', NULL, 1, NULL, 1, 1, 2);

-- --------------------------------------------------------

--
-- Table structure for table `travel_expense_detail`
--

CREATE TABLE IF NOT EXISTS `travel_expense_detail` (
  `id` bigint(20) NOT NULL AUTO_INCREMENT,
  `attach_file1` varchar(255) COLLATE utf8_unicode_ci DEFAULT NULL,
  `attach_file2` varchar(255) COLLATE utf8_unicode_ci DEFAULT NULL,
  `attach_file3` varchar(255) COLLATE utf8_unicode_ci DEFAULT NULL,
  `comment` varchar(255) COLLATE utf8_unicode_ci DEFAULT NULL,
  `exp_way_expense` decimal(19,2) DEFAULT NULL,
  `expense` decimal(19,2) DEFAULT NULL,
  `expense_sub_summary` decimal(19,2) DEFAULT NULL,
  `travel_date` datetime DEFAULT NULL,
  `travel_from` varchar(255) COLLATE utf8_unicode_ci DEFAULT NULL,
  `travel_to` varchar(255) COLLATE utf8_unicode_ci DEFAULT NULL,
  `version` bigint(20) DEFAULT NULL,
  `customer` bigint(20) DEFAULT NULL,
  `travel_expense` bigint(20) DEFAULT NULL,
  PRIMARY KEY (`id`),
  KEY `FKsvm2jhe9q6ev6kd7ckp1s515w` (`customer`),
  KEY `FKjkrk9hfkxi34vhnsff6difbdn` (`travel_expense`)
) ENGINE=InnoDB  DEFAULT CHARSET=utf8 COLLATE=utf8_unicode_ci AUTO_INCREMENT=115 ;

--
-- Dumping data for table `travel_expense_detail`
--

INSERT INTO `travel_expense_detail` (`id`, `attach_file1`, `attach_file2`, `attach_file3`, `comment`, `exp_way_expense`, `expense`, `expense_sub_summary`, `travel_date`, `travel_from`, `travel_to`, `version`, `customer`, `travel_expense`) VALUES
(1, NULL, NULL, NULL, '-', '100.00', '100.00', '200.00', '2017-02-16 00:00:00', 'บ้าน', 'bigc', 0, 1, 2),
(2, NULL, NULL, NULL, 'เหนื่อย', '100.00', '200.00', '300.00', '2017-02-23 00:00:00', 'ฺBigC', 'บ้าน', 0, 1, 2),
(3, NULL, NULL, NULL, '2', '22.00', '22.00', '44.00', '2017-02-09 00:00:00', '11', '11', 0, 1, 5),
(4, NULL, NULL, NULL, '6', '444.00', '333.00', '666.00', '2017-02-17 00:00:00', '22', '232', 0, 1, 6),
(5, NULL, NULL, NULL, 'r', '0.00', '200.00', '200.00', '2017-02-04 00:00:00', '65', '5467', 0, 1, 36),
(6, NULL, NULL, NULL, 'kj', '400.00', '500.00', '900.00', '2017-02-11 00:00:00', 'er', 'er', 0, 1, 37),
(7, NULL, NULL, NULL, '22', '546.00', '56.00', '602.00', '2017-02-04 00:00:00', '34', '43', 0, 1, 38),
(8, NULL, NULL, NULL, '4', '54.00', '65.00', '119.00', '2017-02-05 00:00:00', 'ew', 'er', 0, 1, 39),
(9, NULL, NULL, NULL, NULL, '0.00', '45.00', '45.00', '2017-02-10 00:00:00', 'w5', '54', 0, 1, 40),
(10, NULL, NULL, NULL, NULL, '0.00', '60.00', '60.00', '2017-02-08 00:00:00', '44', '44', 0, 1, 41),
(11, NULL, NULL, NULL, '3', '0.00', '50.00', '50.00', '2017-02-08 00:00:00', '34', '34', 0, 1, 41),
(12, NULL, NULL, NULL, NULL, '10.00', '10.00', '20.00', '2017-02-01 00:00:00', 'a', 'b', 0, 1, 42),
(13, NULL, NULL, NULL, '', '50.00', '30.00', '80.00', '2017-02-01 00:00:00', '3', '4', 0, 1, 42),
(14, NULL, NULL, NULL, '5', '6.00', '60.00', '66.00', '2017-02-11 00:00:00', '3', '3', 0, 1, 43),
(15, NULL, NULL, NULL, 'y', '20.00', '10.00', '30.00', '2017-02-11 00:00:00', '43', '654', 0, 1, 43),
(16, NULL, NULL, NULL, NULL, '200.00', '400.00', '600.00', '2017-02-08 00:00:00', 'rt', 're', 0, 1, 44),
(17, NULL, NULL, NULL, '', '400.00', '400.00', '800.00', '2017-02-08 00:00:00', 'fk`', 'fd;', 0, 1, 44),
(18, NULL, NULL, NULL, 'ww', '33.00', '33.00', '66.00', '2017-02-03 00:00:00', 'ew', 'ew', 0, 1, 45),
(19, NULL, NULL, NULL, '', '100.00', '100.00', '200.00', '2017-02-03 00:00:00', 'vv', 'vv', 0, 1, 45),
(20, NULL, NULL, NULL, '', '100.00', '300.00', '400.00', '2017-02-03 00:00:00', 'ert', 'ert', 0, 1, 45),
(21, NULL, NULL, NULL, 'e', '200.00', '100.00', '300.00', '2017-02-05 00:00:00', '11', '234', 0, 1, 46),
(22, NULL, NULL, NULL, '', '300.00', '200.00', '500.00', '2017-02-05 00:00:00', 'ery', 'erg', 0, 1, 46),
(23, NULL, NULL, NULL, NULL, '200.00', '100.00', '300.00', '2017-02-04 00:00:00', 'e', 'e', 0, 1, 47),
(24, NULL, NULL, NULL, '', '100.00', '400.00', '500.00', '2017-02-04 00:00:00', '24', '54', 0, 1, 47),
(25, NULL, NULL, NULL, NULL, '100.00', '300.00', '400.00', '2017-02-05 00:00:00', 'a', 'b', 0, 1, 48),
(26, NULL, NULL, NULL, '', '600.00', '500.00', '1100.00', '2017-02-05 00:00:00', 'i', 'o', 0, 1, 48),
(27, NULL, NULL, NULL, '-', '200.00', '100.00', '300.00', '2017-02-12 00:00:00', 'home', 'home', 0, 1, 49),
(28, NULL, NULL, NULL, '', '400.00', '200.00', '600.00', '2017-02-19 00:00:00', 'a', 'b', 0, 1, 49),
(29, NULL, NULL, NULL, '', '40.00', '10.00', '50.00', '2017-02-04 00:00:00', 'a', 'b', 0, 1, 50),
(30, NULL, NULL, NULL, '5', '200.00', '300.00', '500.00', '2017-02-04 00:00:00', 'b', 'a', 0, 1, 50),
(31, NULL, NULL, NULL, NULL, '30.00', '10.00', '40.00', '2017-02-05 00:00:00', 'a', 'n', 0, 1, 51),
(32, NULL, NULL, NULL, '', '60.00', '50.00', '110.00', '2017-02-05 00:00:00', 'q34', ';otkrhy', 0, 1, 51),
(33, NULL, NULL, NULL, NULL, '40.00', '20.00', '60.00', '2017-02-11 00:00:00', 'a', 'b', 0, 1, 52),
(34, NULL, NULL, NULL, '', '50.00', '60.00', '110.00', '2017-02-11 00:00:00', 'as', 'sa', 0, 1, 52),
(35, NULL, NULL, NULL, NULL, '40.00', '20.00', '60.00', '2017-02-05 00:00:00', 'a', 'b', 0, 1, 53),
(36, NULL, NULL, NULL, '', '30.00', '60.00', '90.00', '2017-02-05 00:00:00', 'senyj', 'sdgfhgj', 0, 1, 53),
(37, NULL, NULL, NULL, 'เหนื่อย', '5000.00', '40.00', '5040.00', '2017-02-19 00:00:00', 'บ้าน', 'บ้าน', 0, 2, 54),
(38, NULL, NULL, NULL, NULL, '300.00', '40.00', '340.00', '2017-02-16 00:00:00', 'หำกดัสเี้ร่', 'ดกด้ี่าสว', 0, 2, 55),
(39, NULL, NULL, NULL, 'very', '300.00', '600.00', '900.00', '2017-02-16 00:00:00', 'a', 'b', 0, 1, 55),
(40, NULL, NULL, NULL, NULL, '34567.00', '500.00', '35067.00', '2017-02-10 00:00:00', 'ที่ทำงาน', 'บ้าน', 0, 2, 56),
(41, NULL, NULL, NULL, '', '5000.00', '49.00', '5049.00', '2017-02-10 00:00:00', 'บ้าน', 'บิ๊กซี', 0, 1, 56),
(42, NULL, NULL, NULL, NULL, '55.00', '123.00', '178.00', '2017-02-05 00:00:00', 'f', 'd', 0, 2, 65),
(43, NULL, NULL, NULL, '', '30.00', '40.00', '70.00', '2017-02-03 00:00:00', '245', 'etere', 1, 1, 66),
(44, NULL, NULL, NULL, '', '20.00', '40.00', '60.00', '2017-02-03 00:00:00', '4o', 'reo', 1, 1, 66),
(45, NULL, NULL, NULL, 'asd', '50.00', '300.00', '350.00', '2017-03-25 00:00:00', 'a', 'b', 2, 1, 70),
(46, NULL, NULL, NULL, 'ee', '878.00', '66.00', '944.00', '2017-03-25 00:00:00', 'aaiuiuiu', 'nn', 2, 1, 70),
(47, NULL, NULL, NULL, '', '88.00', '40.00', '128.00', '2017-02-09 00:00:00', 'sa', 'b', 2, 2, 71),
(48, NULL, NULL, NULL, '', '80.00', '10.00', '90.00', '2017-02-19 00:00:00', 'd', 'jk', 0, 2, 71),
(49, NULL, NULL, NULL, '', '799.00', '300.00', '1099.00', '2017-02-18 00:00:00', 'home', 'rggg', 1, 2, 72),
(50, NULL, NULL, NULL, '', '199.00', '4390.00', '4589.00', '2017-03-29 00:00:00', 'ew', 'home', 1, 1, 72),
(51, NULL, NULL, NULL, 'df', '459.00', '569.00', '1028.00', '2017-02-05 00:00:00', 'test', 'test', 0, 2, 118),
(52, NULL, NULL, NULL, 't', '984.00', '487.00', '1471.00', '2017-02-18 00:00:00', 'y', 'h', 0, 1, 121),
(53, NULL, NULL, NULL, NULL, '55.00', '33.00', '88.00', '2017-02-09 00:00:00', 'a', 'a', 0, 1, 122),
(54, 'Screenshot from 2016-12-27 01:08:25.png', 'radio.png', 'Screenshot from 2017-01-11 12:30:00.png', 'Testkorhaidai', '324000.00', '65000.00', '389000.00', '1474-02-10 00:00:00', NULL, 'กรุงเทพ', 0, 1, 168),
(55, 'radio.png', 'ewew.png', 'aa.png', 'undefined', '546.00', '45.00', '591.00', '2017-02-10 00:00:00', 'sd', 'sdf', 0, 2, 170),
(56, 'ewew.png', 'aaw.png', 'radio.png', 'dddddd', '56.00', '546.00', '602.00', '2017-01-10 00:02:00', '56', 'fdg', 0, 2, 171),
(57, 'a.png', '1.png', 'aa.png', 'undefined', '888.00', '555.00', '1443.00', '2017-01-10 00:02:00', 'บ้าน', '1234', 0, 1, 172),
(58, '1.png', 'a.png', 'aa.png', 'gg', '222.00', '111.00', '333.00', '2017-02-10 00:00:00', 'TEST', 'TEST', 0, 1, 173),
(59, 'radio.png', 'q.png', 'Screenshot from 2017-01-11 12:30:00.png', 'undefined', '457.00', '5464.00', '5921.00', '2017-02-10 00:00:00', 'sef', 'eswf', 0, 1, 174),
(60, 'a.png', 'radio.png', 'Screenshot from 2016-12-27 01:08:25.png', 'undefined', '3445.00', '210.00', '3655.00', '1474-02-10 00:00:00', 'as', 'sa', 0, 2, 175),
(61, '', '', 'Screenshot from 2017-01-11 16:58:46.png', 'tetst', '346.00', '345.00', '691.00', '2017-02-10 00:00:00', 'asv', 'sdf', 0, 1, 183),
(62, 'Screenshot from 2017-02-16 10:07:59.png', '', '', 'sdf', '0.00', '5654.00', '5654.00', '2017-02-10 00:00:00', 'asd', 'assadas', 0, 2, 187),
(63, 'Screenshot from 2017-02-06 22:26:11.png', '', 'Screenshot from 2017-02-16 12:16:30.png', 'Test', '6000.00', '400.00', '6400.00', '2017-02-24 00:00:00', 'HOME', 'TOWN', 0, 1, 189),
(64, 'aaw.png', '', '', 'wef', '6.00', '324.00', '330.00', '1474-02-18 00:00:00', 'awd', 'awd', 0, 1, 190),
(65, 'aaw.png', '', '', '399', '98.00', '490.00', '588.00', '1474-02-10 00:00:00', 'ergerg', 'pop', 0, 1, 190),
(66, 'aaw.png', '', '', '', '98.00', '0.00', '98.00', '1474-02-24 00:00:00', 'test', 'test', 0, 2, 190),
(67, 'Screenshot from 2017-02-16 10:07:59.png', 'Screenshot from 2017-02-02 22:49:13.png', 'Screenshot from 2017-02-16 10:07:59.png', 'aaaaaa', '234.00', '567.00', '801.00', '2017-02-10 00:00:00', 'ef', 'ee', 0, 1, 191),
(68, 'Screenshot from 2017-02-16 10:07:59.png', '', '', 'undefined', '345.00', '34.00', '379.00', '2017-02-02 00:00:00', 'qq', 'qqw', 0, 1, 192),
(69, 'Screenshot from 2017-02-15 16:25:13.png', '', '', 'hhh', '576.00', '789.00', '1365.00', '2017-02-09 00:00:00', '98up98u', 'yjuykt', 0, 2, 193),
(72, 'aa.png', '', '', 'undefined', '456.00', '345.00', '801.00', '1474-02-04 00:00:00', 'asd', 'ghtry', 0, 1, 196),
(73, 'radio.png', '', '', 'aaaa', '1.00', '1.00', '2.00', '1474-02-03 00:00:00', 'aa', 'aa', 0, 1, 197),
(74, '', 'Screenshot from 2016-12-20 14:12:44.png', '', 'asdf', '4444.00', '3333.00', '7777.00', '1474-02-24 00:00:00', 'wwwww', 'rrrrr', 0, 2, 198),
(75, 'q.png', '', '', 'undefined', '4586.00', '546.00', '5132.00', '1474-12-13 00:00:00', 'wdwqa', 'dter', 0, 1, 199),
(76, 'radio.png', '', '', 'e', '56.00', '55.00', '111.00', '2017-12-13 00:00:00', '23r', '4ttf', 0, 2, 200),
(77, 'Screenshot from 2017-02-06 22:41:04.png', '', '', 's', '76.00', '435.00', '511.00', '2017-12-13 00:00:00', 'qwq', 'ter', 0, 1, 201),
(78, 'Screenshot from 2017-02-15 16:25:13.png', '', '', 'aa', '2322.00', '111.00', '2433.00', '2017-12-13 00:00:00', 'test', 'teset', 0, 2, 202),
(79, 'Screenshot from 2016-12-26 22:49:09.png', '', '', 'ss', '345.00', '34.00', '379.00', '1474-12-13 00:00:00', 'test', 'test', 0, 2, 203),
(80, 'Screenshot from 2017-02-16 10:07:59.png', '', '', 'sdf', '547.00', '345.00', '892.00', '2017-02-14 00:00:00', 'wa', 'rg', 0, 2, 204),
(81, 'ewew.png', '', '', 'sdf', '5765.00', '34.00', '5799.00', '1474-02-04 00:00:00', 'as', 'fasf', 0, 1, 205),
(82, 'ewew.png', '', '', 'undefined', '324.00', '213.00', '537.00', '1474-02-03 00:00:00', 'asd', 'asd', 0, 1, 206),
(83, 'ewew.png', '', '', '', '499.00', '100.00', '599.00', '1474-02-03 00:00:00', 'บ้าน', 'กรุงเทพ', 0, 1, 206),
(84, 'ewew.png', '', '', '5', '54.00', '3.00', '57.00', '1474-02-03 00:00:00', 'a', 'sad', 1, 2, 206),
(85, 'Screenshot from 2017-02-15 16:25:13.png', 'Screenshot from 2017-02-16 12:16:30.png', 'Screenshot from 2017-02-15 16:25:13.png', 'undefined', '346.00', '234.00', '580.00', '2017-02-11 00:00:00', 'fd', 'ds', 0, 1, 207),
(86, 'Screenshot from 2017-02-16 10:07:59.png', '', '', '3', '34.00', '34.00', '68.00', '2017-02-03 00:00:00', 'sd', 'sdf', 0, 1, 208),
(87, 'Screenshot from 2016-12-27 01:08:25.png', '', '', 'w', '345.00', '435.00', '780.00', '1474-02-18 00:00:00', 'ewf', 'ewf', 0, 2, 209),
(88, 'Screenshot from 2017-02-16 10:07:59.png', 'Screenshot from 2017-02-06 22:26:11.png', 'Screenshot from 2017-02-07 18:21:18.png', 'undefined', '488.00', '40.00', '528.00', '2017-02-08 00:00:00', 'wo', 'rt', 0, 1, 210),
(89, 'Screenshot from 2017-02-21 12:54:14.png', 'Screenshot from 2017-02-02 22:49:39.png', 'Screenshot from 2017-02-21 12:54:14.png', 'Test', '546.00', '45.00', '591.00', '2017-02-08 00:00:00', 'ee', '4t4', 0, 2, 211),
(90, 'radio.png', 'Screenshot from 2017-01-12 00:55:32.png', 'Screenshot from 2016-12-26 22:49:09.png', 'aw', '768.00', '3465.00', '4233.00', '1474-02-16 00:00:00', 'se', 'er', 0, 1, 212),
(91, 'Screenshot from 2017-01-11 12:41:22.png', 'aa.png', 'Screenshot from 2016-12-29 00:17:53.png', 'test', '500.00', '3400.00', '3900.00', '1474-02-11 00:00:00', 'test', 'test', 0, 2, 213),
(92, 'Screenshot from 2017-01-11 12:41:22.png', 'aa.png', 'Screenshot from 2016-12-29 00:17:53.png', 'll', '5342.00', '3542.00', '8884.00', '1474-02-16 00:00:00', 'll', 'QQ', 0, 2, 213),
(93, 'Screenshot from 2017-02-06 22:26:11.png', 'Screenshot from 2017-01-23 13:33:09.png', 'Screenshot from 2017-01-13 15:25:54.png', 'aaa', '6060.00', '20.00', '6080.00', '2017-02-24 00:00:00', 'test', 'testt', 0, 1, 214),
(94, 'Screenshot from 2016-12-27 01:08:25.png', 'Screenshot from 2017-01-11 17:00:03.png', '', '4999999', '300.00', '39.00', '339.00', NULL, 'test', 'test', 0, 2, 215),
(95, 'Screenshot from 2017-02-16 10:07:59.png', 'Screenshot from 2017-02-02 22:49:39.png', 'Screenshot from 2017-02-21 12:54:14.png', 'test', '440.00', '300.00', '740.00', '2017-02-18 00:00:00', 'sus', 'o', 0, 2, 217),
(96, 'Screenshot from 2016-12-26 22:49:09.png', '', '', '3', '34.00', '34.00', '68.00', '1474-02-23 00:00:00', 'd', 'rd', 0, 1, 216),
(97, 'Screenshot from 2017-01-11 12:30:00.png', 'ewew.png', 'Screenshot from 2017-01-11 17:00:03.png', 'home', '600.00', '340.00', '940.00', '1474-02-23 00:00:00', 'to', 'home', 0, 2, 224),
(98, 'Screenshot from 2017-01-11 12:30:00.png', '', '', 's', '547.00', '45.00', '592.00', '1474-02-10 00:00:00', 'ss', 'ww', 0, 2, 225),
(99, 'Screenshot from 2016-12-26 22:49:09.png', '', '', 'g', '76567.00', '65657.00', '142224.00', '1474-02-04 00:00:00', '67', 'yufyu', 0, 1, 227),
(100, 'Screenshot from 2016-12-26 22:49:09.png', '', '', 'u', '87.00', '64.00', '151.00', '1474-02-10 00:00:00', 'kpi', 'y', 0, 2, 228),
(101, 'aaw.png', '', '', 'undefined', '7543.00', '86.00', '7629.00', '1474-02-11 00:00:00', 'i', 'ytu', 0, 2, 229),
(102, 'Screenshot from 2016-12-26 22:49:09.png', '', '', '34', '657.00', '567.00', '1224.00', '1474-02-11 00:00:00', 'tr', 'rt', 0, 2, 230),
(103, 'Screenshot from 2016-12-29 00:17:53.png', '', '', 'wes', '354.00', '435.00', '789.00', '2017-02-11 00:00:00', 're', 'erg', 0, 1, 231),
(104, 'Screenshot from 2016-12-26 22:49:09.png', '', '', '12', '346.00', '345.00', '691.00', '2017-02-08 00:00:00', 'er', 'erg', 0, 1, 232),
(105, 'Screenshot from 2016-12-27 01:08:25.png', '', '', 'sdf', '547.00', '234.00', '781.00', '2017-02-09 00:00:00', 'wq', 'wqrd', 0, 2, 233),
(106, 'Screenshot from 2017-02-06 22:26:11.png', '', '', 'nutapol', '4509.00', '354.00', '4863.00', '2017-02-19 00:00:00', 'r', 'er', 0, 1, 234),
(107, 'radio.png', 'a.png', '', 'เที่ยว', '500.00', '400.00', '900.00', '2017-02-25 00:00:00', 'กรุงเทพ', 'โคราช', 0, 2, 235),
(108, 'radio.png', 'a.png', '', '-', '0.00', '600.00', '600.00', '2017-02-25 00:00:00', 'โคราช', 'อุบลราชธานี', 0, 1, 235),
(109, 'aa.png', 'radio.png', 'q.png', 'e', '47.00', '35.00', '82.00', '2017-02-09 00:00:00', 'test', 'test', 0, 1, 236),
(110, 'Screenshot from 2017-01-11 17:00:03.png', 'Screenshot from 2017-01-11 12:30:00.png', 'Screenshot from 2017-01-12 00:45:06.png', '565', '6.00', '54.00', '60.00', '2017-02-25 00:00:00', 'ewf', 'ewf', 0, 2, 237),
(111, 'q.png', 'squirrel.png', 'radio.png', '-', '300.00', '600.00', '900.00', '2017-02-16 00:00:00', 'นครราชสีมา', 'กรุงเทพมหานคร', 0, 1, 238),
(112, 'ewew.png', '', '', 'undefined', '500.00', '400.00', '900.00', '2017-02-03 00:00:00', 'บ้าน', 'บ้าน', 0, 2, 239),
(113, 'ewew.png', '', '', '', '900.00', '400.00', '1300.00', '2017-02-04 00:00:00', 'บ้าน', 'บิ๊กซี', 0, 1, 239),
(114, 'ewew.png', '', '', '', '800.00', '700.00', '1500.00', '2017-02-04 00:00:00', 'บ้าน', 'บ้าน', 0, 1, 239);

--
-- Constraints for dumped tables
--

--
-- Constraints for table `approve_map_flow`
--
ALTER TABLE `approve_map_flow`
  ADD CONSTRAINT `FK74tblk1f0osrjy70a3r60u04` FOREIGN KEY (`employee`) REFERENCES `app_user` (`id`),
  ADD CONSTRAINT `FKgjwc5wyvsxsg52li1sq1tpsgn` FOREIGN KEY (`account_emp`) REFERENCES `app_user` (`id`),
  ADD CONSTRAINT `FKj0kkdsdpfxkhtgub84r0kus54` FOREIGN KEY (`apv2emp`) REFERENCES `app_user` (`id`),
  ADD CONSTRAINT `FKsqvll54oorcyyixepxocr79st` FOREIGN KEY (`apv1emp`) REFERENCES `app_user` (`id`);

--
-- Constraints for table `app_role_menu`
--
ALTER TABLE `app_role_menu`
  ADD CONSTRAINT `FK61wsx9r5pm673sp9ru5frqkgt` FOREIGN KEY (`app_role`) REFERENCES `app_role` (`id`),
  ADD CONSTRAINT `FKl4vrdvb00lll6ee5haoq9m9ev` FOREIGN KEY (`app_menu`) REFERENCES `app_menu` (`id`);

--
-- Constraints for table `app_user`
--
ALTER TABLE `app_user`
  ADD CONSTRAINT `FK2x7xik812g9fy1f4x9i7uccyj` FOREIGN KEY (`company`) REFERENCES `company` (`id`),
  ADD CONSTRAINT `FKhx2h8kit0c1bl6lwaeua5gn1o` FOREIGN KEY (`department`) REFERENCES `department` (`id`);

--
-- Constraints for table `app_user_role`
--
ALTER TABLE `app_user_role`
  ADD CONSTRAINT `FK3xcgg4e44bx37j6oa7p1lfgp8` FOREIGN KEY (`app_user`) REFERENCES `app_user` (`id`),
  ADD CONSTRAINT `FKcprhx6mpypdwshju5p7pi971y` FOREIGN KEY (`app_role`) REFERENCES `app_role` (`id`);

--
-- Constraints for table `department`
--
ALTER TABLE `department`
  ADD CONSTRAINT `FKacyft44u7h6gnqp25riu5mcba` FOREIGN KEY (`company`) REFERENCES `company` (`id`);

--
-- Constraints for table `document_approve`
--
ALTER TABLE `document_approve`
  ADD CONSTRAINT `FK7wf0xdvu30jixtf0ltfv42r6x` FOREIGN KEY (`approver`) REFERENCES `app_user` (`id`),
  ADD CONSTRAINT `FKsat12feq7m9pq7elw99rkmhfo` FOREIGN KEY (`travel_expense_doc_approve`) REFERENCES `travel_expense` (`id`);

--
-- Constraints for table `travel_expense`
--
ALTER TABLE `travel_expense`
  ADD CONSTRAINT `FK9m829qm4dv3rotgivys89pac9` FOREIGN KEY (`approve_map_flow`) REFERENCES `approve_map_flow` (`id`),
  ADD CONSTRAINT `FKdm555jonejte4kf84kbbivpvo` FOREIGN KEY (`department`) REFERENCES `department` (`id`),
  ADD CONSTRAINT `FKg5547ws47u2w8lb3xkkhqcsb8` FOREIGN KEY (`app_user`) REFERENCES `app_user` (`id`),
  ADD CONSTRAINT `FKgmeh2iamfi69dvnokjj1uhbow` FOREIGN KEY (`company`) REFERENCES `company` (`id`),
  ADD CONSTRAINT `FKn9g1lx8xm7bl4dxgpbl4n4b74` FOREIGN KEY (`bank`) REFERENCES `bank` (`id`);

--
-- Constraints for table `travel_expense_detail`
--
ALTER TABLE `travel_expense_detail`
  ADD CONSTRAINT `FKjkrk9hfkxi34vhnsff6difbdn` FOREIGN KEY (`travel_expense`) REFERENCES `travel_expense` (`id`),
  ADD CONSTRAINT `FKsvm2jhe9q6ev6kd7ckp1s515w` FOREIGN KEY (`customer`) REFERENCES `customer` (`id`);

/*!40101 SET CHARACTER_SET_CLIENT=@OLD_CHARACTER_SET_CLIENT */;
/*!40101 SET CHARACTER_SET_RESULTS=@OLD_CHARACTER_SET_RESULTS */;
/*!40101 SET COLLATION_CONNECTION=@OLD_COLLATION_CONNECTION */;
